t,leg_idx,phase,pos_n,pos_e,pos_d,vel_n,vel_e,vel_d,cmd_vn,cmd_ve,cmd_vd,cmd_spd,ach_spd,err_spd,dxy_to_gate,dist_to_gate,turn_angle_rad,blend_radius,desired_pre_ceiling,cmd_pre_smooth,yaw_cmd_deg
0.0,0,LAUNCH,-0.142,0.174,-2.41,-0.018,-0.252,-0.187,0.12,-0.003,-0.27,0.12,0.252,-0.132,8.144,8.144,1.0042,2.202,2.5,3.205,-1.23
0.0208,0,LAUNCH,-0.144,0.176,-2.415,-0.008,-0.233,-0.141,0.24,-0.005,-0.256,0.24,0.233,0.007,8.146,8.146,1.0044,2.198,2.5,3.205,-1.24
0.0423,0,LAUNCH,-0.144,0.176,-2.415,-0.008,-0.233,-0.141,0.36,-0.008,-0.256,0.36,0.233,0.127,8.146,8.146,1.0044,2.198,2.5,3.205,-1.24
0.0639,0,LAUNCH,-0.146,0.179,-2.419,-0.013,-0.257,-0.113,0.48,-0.011,-0.244,0.48,0.258,0.222,8.148,8.148,1.0048,2.204,2.5,3.205,-1.26
0.0848,0,LAUNCH,-0.146,0.179,-2.419,-0.013,-0.257,-0.113,0.6,-0.013,-0.244,0.6,0.258,0.342,8.148,8.148,1.0048,2.204,2.5,3.205,-1.26
0.1056,0,LAUNCH,-0.148,0.18,-2.421,-0.013,-0.261,-0.116,0.72,-0.016,-0.236,0.72,0.262,0.458,8.15,8.15,1.0049,2.205,2.5,3.205,-1.26
0.1272,0,LAUNCH,-0.148,0.18,-2.421,-0.013,-0.261,-0.116,0.84,-0.019,-0.236,0.84,0.262,0.578,8.15,8.15,1.0049,2.205,2.5,3.205,-1.26
0.1488,0,LAUNCH,-0.15,0.18,-2.424,-0.015,-0.261,-0.138,0.96,-0.021,-0.228,0.96,0.262,0.698,8.152,8.152,1.0049,2.205,2.5,3.205,-1.27
0.1699,0,LAUNCH,-0.151,0.183,-2.427,-0.014,-0.233,-0.155,1.08,-0.024,-0.219,1.08,0.233,0.847,8.153,8.154,1.0053,2.198,2.5,3.205,-1.29
0.1913,0,LAUNCH,-0.151,0.183,-2.427,-0.014,-0.233,-0.155,1.2,-0.027,-0.219,1.2,0.233,0.967,8.153,8.154,1.0053,2.198,2.5,3.205,-1.29
0.2126,0,LAUNCH,-0.153,0.187,-2.432,0.002,-0.221,-0.221,1.32,-0.03,-0.205,1.32,0.221,1.099,8.155,8.155,1.0057,2.196,2.5,3.205,-1.31
0.2342,0,LAUNCH,-0.153,0.187,-2.432,0.002,-0.221,-0.221,1.44,-0.033,-0.205,1.44,0.221,1.219,8.155,8.155,1.0057,2.196,2.5,3.205,-1.31
0.2558,0,LAUNCH,-0.153,0.19,-2.438,0.04,-0.216,-0.292,1.56,-0.036,-0.185,1.56,0.219,1.341,8.156,8.156,1.0061,2.195,2.5,3.205,-1.33
0.2763,0,LAUNCH,-0.152,0.192,-2.447,0.097,-0.207,-0.368,1.679,-0.04,-0.159,1.68,0.228,1.452,8.154,8.155,1.0064,2.198,2.5,3.205,-1.35
0.2976,0,LAUNCH,-0.152,0.192,-2.447,0.097,-0.207,-0.368,1.799,-0.042,-0.159,1.8,0.228,1.572,8.154,8.155,1.0064,2.198,2.5,3.205,-1.35
0.3185,0,LAUNCH,-0.148,0.2,-2.461,0.2,-0.175,-0.464,1.919,-0.047,-0.117,1.92,0.266,1.654,8.15,8.15,1.0073,2.208,2.5,3.205,-1.41
0.3401,0,LAUNCH,-0.148,0.2,-2.461,0.2,-0.175,-0.464,2.039,-0.05,-0.117,2.04,0.266,1.774,8.15,8.15,1.0073,2.208,2.5,3.205,-1.41
0.3614,0,LAUNCH,-0.141,0.206,-2.475,0.305,-0.142,-0.506,2.159,-0.055,-0.076,2.16,0.336,1.824,8.143,8.144,1.0081,2.226,2.5,3.205,-1.45
0.3823,0,LAUNCH,-0.141,0.206,-2.475,0.305,-0.142,-0.506,2.279,-0.058,-0.076,2.28,0.336,1.944,8.143,8.144,1.0081,2.226,2.5,3.205,-1.45
0.4039,0,LAUNCH,-0.13,0.212,-2.489,0.432,-0.114,-0.567,2.399,-0.063,-0.032,2.4,0.447,1.953,8.133,8.133,1.0089,2.254,2.5,3.205,-1.5
0.4254,0,LAUNCH,-0.13,0.212,-2.489,0.432,-0.114,-0.567,2.519,-0.066,-0.032,2.52,0.447,2.073,8.133,8.133,1.0089,2.254,2.5,3.205,-1.5
0.447,0,LAUNCH,-0.115,0.22,-2.505,0.563,-0.092,-0.583,2.639,-0.071,0.015,2.64,0.571,2.069,8.118,8.118,1.0099,2.286,2.5,3.205,-1.55
0.4681,0,LAUNCH,-0.09,0.234,-2.526,0.755,-0.054,-0.598,2.759,-0.08,0.077,2.76,0.757,2.003,8.093,8.093,1.0117,2.333,2.5,3.205,-1.65
0.4889,0,LAUNCH,-0.09,0.234,-2.526,0.755,-0.054,-0.598,2.879,-0.083,0.077,2.88,0.757,2.123,8.093,8.093,1.0117,2.333,2.5,3.205,-1.65
0.5109,0,LAUNCH,-0.07,0.242,-2.538,0.872,-0.048,-0.588,2.999,-0.09,0.114,3.0,0.874,2.126,8.074,8.074,1.0127,2.363,2.5,3.205,-1.71
0.5319,0,LAUNCH,-0.07,0.242,-2.538,0.872,-0.048,-0.588,3.119,-0.093,0.114,3.12,0.874,2.246,8.074,8.074,1.0127,2.363,2.5,3.205,-1.71
0.5535,0,LAUNCH,-0.032,0.254,-2.557,1.075,-0.014,-0.54,3.203,-0.101,0.17,3.205,1.075,2.13,8.036,8.037,1.0144,2.415,2.5,3.205,-1.81
0.5743,0,LAUNCH,0.005,0.267,-2.571,1.244,-0.001,-0.498,3.203,-0.107,0.212,3.205,1.244,1.961,8.0,8.0,1.0162,2.458,2.5,3.205,-1.91
0.5958,0,LAUNCH,0.005,0.267,-2.571,1.244,-0.001,-0.498,3.203,-0.107,0.212,3.205,1.244,1.961,8.0,8.0,1.0162,2.458,2.5,3.205,-1.91
0.6173,0,LAUNCH,0.047,0.281,-2.583,1.42,0.005,-0.428,3.203,-0.113,0.248,3.205,1.42,1.785,7.958,7.958,1.0182,2.503,2.5,3.205,-2.03
0.6389,0,LAUNCH,0.047,0.281,-2.583,1.42,0.005,-0.428,3.203,-0.113,0.248,3.205,1.42,1.785,7.958,7.958,1.0182,2.503,2.5,3.205,-2.03
0.6609,0,LAUNCH,0.095,0.294,-2.593,1.607,-0.013,-0.378,3.203,-0.119,0.278,3.205,1.608,1.597,7.91,7.911,1.0199,2.551,2.5,3.205,-2.13
0.6825,0,LAUNCH,0.095,0.294,-2.593,1.607,-0.013,-0.378,3.203,-0.119,0.278,3.205,1.608,1.597,7.91,7.911,1.0199,2.551,2.5,3.205,-2.13
0.7039,0,LAUNCH,0.149,0.304,-2.601,1.783,-0.041,-0.31,3.202,-0.124,0.302,3.205,1.784,1.421,7.856,7.857,1.0215,2.596,2.5,3.205,-2.22
0.725,0,LAUNCH,0.226,0.319,-2.607,2.001,-0.056,-0.21,3.301,-0.135,0.322,3.304,2.002,1.302,7.781,7.781,1.0238,2.652,2.577,3.304,-2.35
0.7466,0,LAUNCH,0.226,0.319,-2.607,2.001,-0.056,-0.21,3.4,-0.14,0.322,3.403,2.002,1.401,7.781,7.781,1.0238,2.652,2.654,3.403,-2.35
0.7682,0,LAUNCH,0.293,0.331,-2.61,2.135,-0.05,-0.116,3.519,-0.151,0.33,3.523,2.136,1.387,7.714,7.715,1.0257,2.687,3.056,3.918,-2.46
0.7899,0,LAUNCH,0.293,0.331,-2.61,2.135,-0.05,-0.116,3.639,-0.156,0.33,3.643,2.136,1.507,7.714,7.715,1.0257,2.687,3.142,4.029,-2.46
0.8118,0,LAUNCH,0.364,0.342,-2.61,2.273,-0.061,-0.047,3.759,-0.168,0.331,3.763,2.274,1.489,7.644,7.645,1.0275,2.723,3.483,4.466,-2.56
0.8325,0,LAUNCH,0.439,0.353,-2.609,2.393,-0.071,0.035,3.878,-0.181,0.326,3.883,2.394,1.489,7.569,7.57,1.0294,2.754,3.614,4.634,-2.67
0.8531,0,LAUNCH,0.439,0.353,-2.609,2.393,-0.071,0.035,3.998,-0.186,0.326,4.003,2.394,1.609,7.569,7.57,1.0294,2.754,3.703,4.748,-2.67
0.8737,0,LAUNCH,0.519,0.367,-2.605,2.54,-0.065,0.079,4.118,-0.202,0.315,4.123,2.541,1.581,7.49,7.49,1.0318,2.792,3.622,4.644,-2.81
0.8944,0,LAUNCH,0.519,0.367,-2.605,2.54,-0.065,0.079,4.238,-0.208,0.315,4.243,2.541,1.701,7.49,7.49,1.0318,2.792,3.708,4.754,-2.81
0.9159,0,LAUNCH,0.604,0.381,-2.6,2.658,-0.03,0.155,4.357,-0.224,0.299,4.363,2.658,1.704,7.406,7.406,1.0342,2.823,3.481,4.463,-2.95
0.9378,0,LAUNCH,0.604,0.381,-2.6,2.658,-0.03,0.155,4.477,-0.231,0.299,4.483,2.658,1.824,7.406,7.406,1.0342,2.823,3.564,4.569,-2.95
0.9594,0,LAUNCH,0.692,0.395,-2.593,2.785,-0.005,0.183,4.514,-0.244,0.279,4.52,2.785,1.735,7.318,7.319,1.0368,2.856,3.526,4.521,-3.1
0.9811,0,LAUNCH,0.692,0.395,-2.593,2.785,-0.005,0.183,4.616,-0.25,0.279,4.622,2.785,1.838,7.318,7.319,1.0368,2.856,3.606,4.623,-3.1
1.0022,0,LAUNCH,0.809,0.415,-2.584,2.973,-0.001,0.178,4.735,-0.273,0.252,4.743,2.973,1.769,7.203,7.204,1.0404,2.906,3.705,4.75,-3.3
1.0232,0,LAUNCH,0.908,0.433,-2.578,3.12,0.06,0.167,4.853,-0.296,0.233,4.863,3.121,1.742,7.105,7.106,1.0438,2.945,3.836,4.917,-3.49
1.045,0,LAUNCH,0.908,0.433,-2.578,3.12,0.06,0.167,4.973,-0.304,0.233,4.983,3.121,1.862,7.105,7.106,1.0438,2.945,3.917,5.022,-3.49
1.0666,0,LAUNCH,1.011,0.452,-2.571,3.246,0.066,0.182,5.023,-0.325,0.214,5.034,3.246,1.788,7.004,7.004,1.0474,2.978,3.927,5.034,-3.7
1.0883,0,LAUNCH,1.011,0.452,-2.571,3.246,0.066,0.182,5.126,-0.331,0.214,5.136,3.246,1.89,7.004,7.004,1.0474,2.978,4.006,5.137,-3.7
1.11,0,LAUNCH,1.119,0.471,-2.565,3.415,0.104,0.142,5.244,-0.359,0.196,5.256,3.416,1.84,6.897,6.898,1.0511,3.023,4.287,5.496,-3.91
1.1307,0,LAUNCH,1.232,0.491,-2.561,3.566,0.103,0.114,5.362,-0.389,0.182,5.376,3.567,1.809,6.786,6.786,1.0552,3.064,4.51,5.782,-4.15
1.1523,0,LAUNCH,1.232,0.491,-2.561,3.566,0.103,0.114,5.482,-0.398,0.182,5.496,3.567,1.929,6.786,6.786,1.0552,3.064,4.596,5.892,-4.15
1.1738,0,LAUNCH,1.38,0.517,-2.556,3.752,0.118,0.111,5.599,-0.438,0.167,5.616,3.753,1.863,6.64,6.64,1.0608,3.114,4.695,6.02,-4.47
1.1953,0,LAUNCH,1.38,0.517,-2.556,3.752,0.118,0.111,5.719,-0.447,0.167,5.736,3.753,1.983,6.64,6.64,1.0608,3.114,4.781,6.13,-4.47
1.2168,0,LAUNCH,1.504,0.538,-2.552,3.92,0.099,0.094,5.836,-0.483,0.156,5.856,3.921,1.935,6.518,6.518,1.0654,3.158,4.963,6.363,-4.73
1.2384,0,LAUNCH,1.504,0.538,-2.552,3.92,0.099,0.094,5.956,-0.493,0.156,5.976,3.921,2.055,6.518,6.518,1.0654,3.158,5.051,6.476,-4.73
1.26,0,LAUNCH,1.633,0.557,-2.549,4.09,0.09,0.046,6.073,-0.531,0.148,6.096,4.091,2.005,6.391,6.391,1.07,3.204,5.407,6.932,-5.0
1.2808,0,LAUNCH,1.768,0.575,-2.548,4.258,0.069,0.011,6.19,-0.571,0.145,6.216,4.259,1.957,6.258,6.258,1.0748,3.249,5.701,7.309,-5.27
1.3014,0,LAUNCH,1.768,0.575,-2.548,4.258,0.069,0.011,6.31,-0.582,0.145,6.336,4.259,2.077,6.258,6.258,1.0748,3.249,5.793,7.427,-5.27
1.3227,0,LAUNCH,1.909,0.591,-2.548,4.405,-0.009,0.013,6.426,-0.623,0.144,6.456,4.405,2.051,6.12,6.12,1.0795,3.289,5.876,7.533,-5.54
1.3449,0,LAUNCH,1.909,0.591,-2.548,4.405,-0.009,0.013,6.546,-0.635,0.144,6.576,4.405,2.171,6.12,6.12,1.0795,3.289,5.975,7.66,-5.54
1.3671,0,LAUNCH,2.053,0.603,-2.548,4.546,-0.08,0.017,6.662,-0.676,0.143,6.696,4.547,2.15,5.978,5.978,1.0839,3.327,6.045,7.75,-5.79
1.389,0,LAUNCH,2.053,0.603,-2.548,4.546,-0.08,0.017,6.781,-0.688,0.143,6.816,4.547,2.27,5.978,5.978,1.0839,3.327,6.142,7.874,-5.79
1.4113,0,LAUNCH,2.202,0.613,-2.547,4.695,-0.111,0.015,6.898,-0.73,0.141,6.936,4.696,2.24,5.83,5.831,1.0882,3.367,6.256,8.02,-6.04
1.4324,0,LAUNCH,2.396,0.621,-2.547,4.907,-0.235,-0.019,7.013,-0.777,0.141,7.056,4.913,2.143,5.638,5.638,1.0931,3.424,6.326,8.11,-6.32
1.454,0,LAUNCH,2.396,0.621,-2.547,4.907,-0.235,-0.019,7.133,-0.79,0.141,7.176,4.913,2.263,5.638,5.638,1.0931,3.424,6.421,8.233,-6.32
1.4755,0,LAUNCH,2.558,0.622,-2.548,5.069,-0.319,-0.036,7.249,-0.829,0.144,7.296,5.079,2.217,5.478,5.478,1.0967,3.468,6.401,8.207,-6.52
1.4972,0,LAUNCH,2.558,0.622,-2.548,5.069,-0.319,-0.036,7.368,-0.843,0.144,7.416,5.079,2.337,5.478,5.478,1.0967,3.468,6.495,8.327,-6.52
1.5187,0,LAUNCH,2.724,0.62,-2.549,5.225,-0.423,-0.037,7.485,-0.88,0.147,7.536,5.242,2.294,5.313,5.313,1.0998,3.511,6.58,8.436,-6.71
1.5398,0,LAUNCH,2.724,0.62,-2.549,5.225,-0.423,-0.037,7.604,-0.894,0.147,7.656,5.242,2.414,5.313,5.313,1.0998,3.511,6.671,8.553,-6.71
1.5616,0,LAUNCH,2.895,0.614,-2.55,5.384,-0.513,-0.039,7.721,-0.929,0.151,7.776,5.408,2.368,5.142,5.142,1.1025,3.554,6.755,8.66,-6.86
1.5831,0,LAUNCH,3.07,0.604,-2.552,5.516,-0.595,-0.028,7.838,-0.96,0.155,7.896,5.548,2.348,4.967,4.967,1.1047,3.59,6.926,8.88,-6.98
1.6047,0,LAUNCH,3.07,0.604,-2.552,5.516,-0.595,-0.028,7.957,-0.975,0.155,8.016,5.548,2.468,4.967,4.967,1.1047,3.59,7.021,9.002,-6.98
1.6263,0,LAUNCH,3.296,0.586,-2.553,5.733,-0.684,-0.043,8.074,-1.006,0.159,8.136,5.774,2.362,4.74,4.74,1.1067,3.648,7.001,8.976,-7.1
1.6483,0,LAUNCH,3.296,0.586,-2.553,5.733,-0.684,-0.043,8.193,-1.02,0.159,8.256,5.774,2.482,4.74,4.74,1.1067,3.648,7.096,9.098,-7.1
1.6699,0,LAUNCH,3.483,0.569,-2.555,5.886,-0.74,-0.038,8.31,-1.046,0.164,8.376,5.932,2.444,4.553,4.553,1.108,3.688,7.231,9.27,-7.17
1.6911,0,LAUNCH,3.674,0.548,-2.556,6.024,-0.821,-0.023,8.429,-1.067,0.167,8.496,6.08,2.416,4.361,4.361,1.1087,3.726,7.432,9.528,-7.22
1.7131,0,LAUNCH,3.674,0.548,-2.556,6.024,-0.821,-0.023,8.548,-1.082,0.167,8.616,6.08,2.536,4.361,4.361,1.1087,3.726,7.528,9.652,-7.22
1.7348,0,LAUNCH,3.869,0.524,-2.557,6.218,-0.871,-0.053,8.666,-1.1,0.17,8.736,6.278,2.457,4.164,4.164,1.109,3.776,7.393,9.479,-7.23
1.7556,0,LAUNCH,3.869,0.524,-2.557,6.218,-0.871,-0.053,8.785,-1.115,0.17,8.856,6.278,2.577,4.164,4.164,1.109,3.776,7.482,9.592,-7.23
1.7764,0,LAUNCH,4.071,0.498,-2.559,6.374,-0.957,-0.056,8.904,-1.127,0.176,8.976,6.446,2.53,3.961,3.961,1.1087,3.817,7.549,9.678,-7.22
1.7973,0,LAUNCH,4.071,0.498,-2.559,6.374,-0.957,-0.056,9.023,-1.143,0.176,9.096,6.446,2.65,3.961,3.961,1.1087,3.817,7.637,9.792,-7.22
1.8189,0,LAUNCH,4.277,0.468,-2.56,6.537,-1.022,-0.046,9.143,-1.149,0.181,9.215,6.616,2.599,3.753,3.753,1.1078,3.859,7.813,10.016,-7.16
1.8403,0,LAUNCH,4.54,0.426,-2.561,6.713,-1.091,-0.011,9.265,-1.142,0.184,9.335,6.802,2.534,3.486,3.486,1.1054,3.904,8.193,10.504,-7.02
1.862,0,LAUNCH,4.54,0.426,-2.561,6.713,-1.091,-0.011,9.384,-1.156,0.184,9.455,6.802,2.654,3.486,3.486,1.1054,3.904,8.29,10.628,-7.02
1.8836,0,LAUNCH,4.756,0.39,-2.561,6.861,-1.136,0.007,9.506,-1.144,0.184,9.575,6.954,2.62,3.267,3.268,1.1026,3.941,8.42,10.795,-6.86
1.9053,0,LAUNCH,4.756,0.39,-2.561,6.861,-1.136,0.007,9.625,-1.158,0.184,9.695,6.954,2.74,3.267,3.268,1.1026,3.941,8.517,10.919,-6.86
1.9271,0,LAUNCH,4.977,0.353,-2.561,7.03,-1.151,0.008,9.748,-1.137,0.183,9.815,7.123,2.691,3.044,3.044,1.0989,3.98,8.602,11.028,-6.65
1.9478,0,LAUNCH,5.202,0.314,-2.56,7.178,-1.154,0.03,9.872,-1.109,0.181,9.934,7.27,2.665,2.815,2.816,1.0946,4.014,8.498,10.895,-6.41
1.9695,0,LAUNCH,5.202,0.314,-2.56,7.178,-1.154,0.03,9.991,-1.122,0.181,10.054,7.27,2.785,2.815,2.816,1.0946,4.014,8.592,11.016,-6.41
1.9905,0,LAUNCH,5.431,0.275,-2.559,7.36,-1.146,0.019,10.116,-1.083,0.177,10.174,7.449,2.725,2.583,2.584,1.0894,4.056,8.784,11.261,-6.11
2.0122,0,TURN,5.431,0.275,-2.559,7.36,-1.146,0.019,9.623,2.702,0.177,9.995,7.449,2.546,2.583,2.584,1.0894,4.056,6.206,8.863,15.68
2.0331,1,SUSTAIN,5.666,0.235,-2.558,7.526,-1.174,0.011,7.57,6.89,0.175,10.236,7.617,2.62,8.565,8.565,1.4204,4.308,9.0,11.538,42.31
2.0546,1,SUSTAIN,5.666,0.235,-2.558,7.526,-1.174,0.011,7.748,7.052,0.175,10.476,7.617,2.86,8.565,8.565,1.4204,4.308,9.0,11.538,42.31
2.0762,1,SUSTAIN,5.967,0.183,-2.557,7.74,-1.203,0.013,7.714,7.438,0.172,10.716,7.833,2.884,8.381,8.381,1.3916,4.344,9.0,11.538,43.96
2.0974,1,SUSTAIN,6.213,0.14,-2.556,7.843,-1.188,0.056,7.699,7.795,0.168,10.956,7.932,3.024,8.236,8.236,1.3672,4.354,9.0,11.538,45.36
2.119,1,SUSTAIN,6.213,0.14,-2.556,7.843,-1.188,0.056,7.868,7.966,0.168,11.196,7.932,3.264,8.236,8.236,1.3672,4.354,9.0,11.538,45.36
2.1399,1,SUSTAIN,6.461,0.098,-2.553,7.904,-1.165,0.135,7.826,8.339,0.158,11.436,7.99,3.447,8.094,8.095,1.3417,4.352,9.0,11.538,46.82
2.1616,1,SUSTAIN,6.461,0.098,-2.553,7.904,-1.165,0.135,7.896,8.413,0.158,11.538,7.99,3.548,8.094,8.095,1.3417,4.352,9.0,11.538,46.82
2.1832,1,SUSTAIN,6.711,0.056,-2.547,7.98,-1.123,0.187,7.67,8.62,0.141,11.538,8.058,3.48,7.957,7.957,1.3152,4.352,9.0,11.538,48.34
2.2045,1,SUSTAIN,6.711,0.056,-2.547,7.98,-1.123,0.187,7.67,8.62,0.141,11.538,8.058,3.48,7.957,7.957,1.3152,4.352,9.0,11.538,48.34
2.226,1,SUSTAIN,6.964,0.015,-2.541,8.077,-1.052,0.196,7.429,8.828,0.122,11.538,8.146,3.393,7.822,7.822,1.2876,4.356,9.0,11.538,49.92
2.2469,1,SUSTAIN,7.219,-0.023,-2.533,8.143,-0.931,0.218,7.174,9.037,0.1,11.538,8.196,3.342,7.69,7.69,1.2589,4.35,9.0,11.538,51.56
2.2676,1,SUSTAIN,7.219,-0.023,-2.533,8.143,-0.931,0.218,7.174,9.037,0.1,11.538,8.196,3.342,7.69,7.69,1.2589,4.35,9.0,11.538,51.56
2.2889,1,SUSTAIN,7.542,-0.064,-2.525,8.241,-0.675,0.192,6.835,9.296,0.074,11.538,8.268,3.27,7.526,7.526,1.222,4.345,9.0,11.538,53.67
2.3105,1,SUSTAIN,7.542,-0.064,-2.525,8.241,-0.675,0.192,6.835,9.296,0.074,11.538,8.268,3.27,7.526,7.526,1.222,4.345,9.0,11.538,53.67
2.3323,1,SUSTAIN,7.801,-0.089,-2.518,8.25,-0.451,0.193,6.55,9.499,0.053,11.538,8.262,3.277,7.397,7.397,1.1917,4.324,9.0,11.538,55.41
2.3536,1,SUSTAIN,7.801,-0.089,-2.518,8.25,-0.451,0.193,6.55,9.499,0.053,11.538,8.262,3.277,7.397,7.397,1.1917,4.324,9.0,11.538,55.41
2.3752,1,SUSTAIN,8.06,-0.106,-2.511,8.217,-0.163,0.192,6.256,9.695,0.033,11.538,8.219,3.32,7.267,7.267,1.161,4.294,9.0,11.538,57.17
2.3965,1,SUSTAIN,8.317,-0.114,-2.504,8.155,0.131,0.19,5.953,9.884,0.012,11.538,8.156,3.382,7.138,7.138,1.1301,4.259,9.0,11.538,58.94
2.4181,1,SUSTAIN,8.317,-0.114,-2.504,8.155,0.131,0.19,5.953,9.884,0.012,11.538,8.156,3.382,7.138,7.138,1.1301,4.259,9.0,11.538,58.94
2.4398,1,SUSTAIN,8.572,-0.113,-2.496,8.031,0.452,0.226,5.644,10.064,-0.011,11.538,8.044,3.494,7.009,7.009,1.0991,4.211,9.0,11.538,60.72
2.4617,1,SUSTAIN,8.572,-0.113,-2.496,8.031,0.452,0.226,5.644,10.064,-0.011,11.538,8.044,3.494,7.009,7.009,1.0991,4.211,9.0,11.538,60.72
2.4832,1,SUSTAIN,8.821,-0.101,-2.488,7.863,0.801,0.277,5.331,10.233,-0.037,11.538,7.904,3.634,6.88,6.88,1.0683,4.156,9.0,11.538,62.48
2.504,1,SUSTAIN,9.066,-0.079,-2.477,7.684,1.119,0.328,5.016,10.391,-0.069,11.538,7.765,3.773,6.75,6.75,1.0377,4.102,9.0,11.538,64.23
2.5255,1,SUSTAIN,9.066,-0.079,-2.477,7.684,1.119,0.328,5.016,10.391,-0.069,11.538,7.765,3.773,6.75,6.75,1.0377,4.102,9.0,11.538,64.23
2.5465,1,SUSTAIN,9.363,-0.035,-2.461,7.43,1.556,0.378,4.62,10.573,-0.117,11.538,7.591,3.947,6.586,6.586,0.9999,4.034,9.0,11.538,66.4
2.568,1,SUSTAIN,9.363,-0.035,-2.461,7.43,1.556,0.378,4.62,10.573,-0.117,11.538,7.591,3.947,6.586,6.586,0.9999,4.034,9.0,11.538,66.4
2.589,1,SUSTAIN,9.594,0.013,-2.448,7.218,1.899,0.392,4.302,10.706,-0.157,11.538,7.464,4.074,6.452,6.453,0.9701,3.984,9.0,11.538,68.11
2.6104,1,SUSTAIN,9.594,0.013,-2.448,7.218,1.899,0.392,4.302,10.706,-0.157,11.538,7.464,4.074,6.452,6.453,0.9701,3.984,9.0,11.538,68.11
2.632,1,SUSTAIN,9.819,0.071,-2.434,6.999,2.218,0.416,3.984,10.828,-0.198,11.538,7.342,4.196,6.317,6.318,0.9406,3.934,9.0,11.538,69.8
2.6533,1,SUSTAIN,9.819,0.071,-2.434,6.999,2.218,0.416,3.984,10.828,-0.198,11.538,7.342,4.196,6.317,6.318,0.9406,3.934,9.0,11.538,69.8
2.6748,1,SUSTAIN,10.09,0.16,-2.416,6.697,2.625,0.45,3.586,10.966,-0.252,11.537,7.193,4.344,6.145,6.145,0.9041,3.874,9.0,11.538,71.89
2.6963,1,SUSTAIN,10.247,0.221,-2.404,6.489,2.865,0.486,3.348,11.04,-0.289,11.537,7.093,4.444,6.039,6.04,0.8825,3.835,9.0,11.538,73.13
2.717,1,SUSTAIN,10.247,0.221,-2.404,6.489,2.865,0.486,3.348,11.04,-0.289,11.537,7.093,4.444,6.039,6.04,0.8825,3.835,9.0,11.538,73.13
2.7385,1,SHORT,10.499,0.336,-2.383,6.167,3.268,0.495,3.006,11.345,-0.35,11.736,6.98,4.756,5.859,5.86,0.847,3.784,8.523,11.871,75.16
2.7602,1,SHORT,10.499,0.336,-2.383,6.167,3.268,0.495,3.04,11.472,-0.35,11.868,6.98,4.889,5.859,5.86,0.847,3.784,8.523,11.871,75.16
2.7818,1,SHORT,10.692,0.44,-2.367,5.917,3.564,0.486,2.72,11.56,-0.4,11.876,6.907,4.969,5.712,5.713,0.8191,3.748,8.553,11.879,76.76
2.8026,1,SUSTAIN,10.879,0.555,-2.35,5.66,3.836,0.492,2.326,11.297,-0.451,11.534,6.838,4.696,5.56,5.562,0.791,3.713,9.0,11.538,78.37
2.8233,1,SUSTAIN,10.879,0.555,-2.35,5.66,3.836,0.492,2.326,11.297,-0.451,11.534,6.838,4.696,5.56,5.562,0.791,3.713,9.0,11.538,78.37
2.8449,1,SUSTAIN,11.058,0.678,-2.333,5.403,4.094,0.492,2.009,11.357,-0.502,11.533,6.779,4.753,5.404,5.407,0.7631,3.681,9.0,11.538,79.97
2.8664,1,SUSTAIN,11.058,0.678,-2.333,5.403,4.094,0.492,2.009,11.357,-0.502,11.533,6.779,4.753,5.404,5.407,0.7631,3.681,9.0,11.538,79.97
2.8881,1,SUSTAIN,11.229,0.81,-2.316,5.135,4.33,0.49,1.693,11.406,-0.553,11.531,6.717,4.814,5.247,5.25,0.7354,3.647,9.0,11.538,81.56
2.9096,1,SUSTAIN,11.229,0.81,-2.316,5.135,4.33,0.49,1.693,11.406,-0.553,11.531,6.717,4.814,5.247,5.25,0.7354,3.647,9.0,11.538,81.56
2.9312,1,SUSTAIN,11.392,0.949,-2.299,4.859,4.569,0.491,1.379,11.447,-0.604,11.529,6.67,4.859,5.087,5.091,0.7079,3.618,9.0,11.538,83.13
2.9524,1,SUSTAIN,11.587,1.137,-2.277,4.552,4.873,0.437,0.976,11.485,-0.668,11.526,6.668,4.858,4.88,4.885,0.6727,3.595,9.0,11.538,85.14
2.974,1,SUSTAIN,11.587,1.137,-2.277,4.552,4.873,0.437,0.976,11.485,-0.668,11.526,6.668,4.858,4.88,4.885,0.6727,3.595,9.0,11.538,85.14
2.9949,1,SUSTAIN,11.734,1.296,-2.262,4.279,5.11,0.392,0.65,11.505,-0.713,11.524,6.666,4.858,4.711,4.717,0.6444,3.577,9.0,11.538,86.77
3.0159,1,SUSTAIN,11.734,1.296,-2.262,4.279,5.11,0.392,0.65,11.505,-0.713,11.524,6.666,4.858,4.711,4.717,0.6444,3.577,9.0,11.538,86.77
3.0374,1,SUSTAIN,11.873,1.463,-2.249,4.034,5.336,0.318,0.322,11.516,-0.753,11.521,6.689,4.832,4.539,4.546,0.616,3.564,9.0,11.538,88.4
3.058,1,SUSTAIN,11.873,1.463,-2.249,4.034,5.336,0.318,0.322,11.516,-0.753,11.521,6.689,4.832,4.539,4.546,0.616,3.564,9.0,11.538,88.4
3.0797,1,SUSTAIN,12.004,1.636,-2.238,3.792,5.529,0.239,-0.01,11.518,-0.785,11.518,6.704,4.814,4.364,4.372,0.5871,3.55,9.0,11.538,90.05
3.1002,1,SUSTAIN,12.163,1.865,-2.228,3.508,5.778,0.128,-0.453,11.505,-0.817,11.514,6.759,4.754,4.139,4.148,0.5487,3.539,9.0,11.538,92.25
3.1217,1,SUSTAIN,12.163,1.865,-2.228,3.508,5.778,0.128,-0.453,11.505,-0.817,11.514,6.759,4.754,4.139,4.148,0.5487,3.539,9.0,11.538,92.25
3.1432,1,SUSTAIN,12.252,2.007,-2.223,3.329,5.936,0.05,-0.725,11.488,-0.83,11.511,6.806,4.705,4.001,4.011,0.525,3.536,9.0,11.538,93.61
3.1646,1,SUSTAIN,12.252,2.007,-2.223,3.329,5.936,0.05,-0.725,11.488,-0.83,11.511,6.806,4.705,4.001,4.011,0.525,3.536,9.0,11.538,93.61
3.1866,1,SUSTAIN,12.391,2.251,-2.22,3.044,6.163,-0.055,-1.194,11.445,-0.839,11.507,6.873,4.633,3.77,3.78,0.4841,3.527,9.0,11.538,95.95
3.2074,1,SUSTAIN,12.391,2.251,-2.22,3.044,6.163,-0.055,-1.194,11.445,-0.839,11.507,6.873,4.633,3.77,3.78,0.4841,3.527,9.0,11.538,95.95
3.229,1,SUSTAIN,12.496,2.454,-2.22,2.8,6.341,-0.137,-1.592,11.393,-0.839,11.503,6.932,4.571,3.58,3.591,0.4491,3.519,9.0,11.538,97.96
3.2498,1,TURN,12.594,2.665,-2.222,2.56,6.489,-0.209,-2.176,11.323,-0.834,11.53,6.976,4.554,3.388,3.399,0.4117,3.506,8.673,11.567,100.88
3.2714,1,TURN,12.594,2.665,-2.222,2.56,6.489,-0.209,-2.176,11.323,-0.834,11.53,6.976,4.554,3.388,3.399,0.4117,3.506,8.673,11.567,100.88
3.2928,1,TURN,12.685,2.88,-2.227,2.33,6.65,-0.316,-2.786,11.005,-0.82,11.352,7.046,4.306,3.194,3.206,0.3719,3.498,8.37,11.119,104.2
3.3145,1,TURN,12.685,2.88,-2.227,2.33,6.65,-0.316,-2.742,10.831,-0.82,11.172,7.046,4.126,3.194,3.206,0.3719,3.498,8.37,11.119,104.2
3.3362,1,TURN,12.787,3.156,-2.238,2.063,6.843,-0.462,-3.445,10.442,-0.786,10.995,7.148,3.848,2.951,2.963,0.3181,3.489,8.015,10.592,108.26
3.3578,1,TURN,12.787,3.156,-2.238,2.063,6.843,-0.462,-3.389,10.271,-0.786,10.816,7.148,3.668,2.951,2.963,0.3181,3.489,8.015,10.592,108.26
3.3794,1,TURN,12.846,3.326,-2.246,1.919,6.944,-0.518,-3.757,9.953,-0.761,10.638,7.204,3.434,2.804,2.816,0.2816,3.48,7.829,10.31,110.68
3.4007,1,TURN,12.936,3.617,-2.263,1.595,7.114,-0.622,-4.359,9.511,-0.711,10.462,7.291,3.171,2.56,2.571,0.2138,3.459,7.573,9.908,114.62
3.4223,1,TURN,12.936,3.617,-2.263,1.595,7.114,-0.622,-4.284,9.347,-0.711,10.282,7.291,2.992,2.56,2.571,0.2138,3.459,7.573,9.908,114.62
3.4436,2,SUSTAIN,12.997,3.854,-2.279,1.334,7.252,-0.694,-5.514,8.987,-0.663,10.544,7.374,3.17,9.556,9.559,1.0205,3.993,9.0,11.538,121.53
3.4653,2,SUSTAIN,12.997,3.854,-2.279,1.334,7.252,-0.694,-5.639,9.192,-0.663,10.784,7.374,3.41,9.556,9.559,1.0205,3.993,9.0,11.538,121.53
3.4869,2,SUSTAIN,13.05,4.095,-2.297,1.065,7.361,-0.736,-5.935,9.29,-0.608,11.024,7.438,3.586,9.38,9.382,1.0023,3.998,9.0,11.538,122.57
3.5075,2,SUSTAIN,13.097,4.343,-2.315,0.779,7.449,-0.772,-6.241,9.377,-0.554,11.264,7.489,3.775,9.199,9.2,0.9835,3.998,9.0,11.538,123.65
3.5288,2,SUSTAIN,13.097,4.343,-2.315,0.779,7.449,-0.772,-6.374,9.577,-0.554,11.504,7.489,4.015,9.199,9.2,0.9835,3.998,9.0,11.538,123.65
3.5499,2,SUSTAIN,13.136,4.593,-2.335,0.504,7.533,-0.812,-6.573,9.481,-0.496,11.537,7.549,3.987,9.013,9.014,0.9645,4.001,9.0,11.538,124.74
3.5714,2,SUSTAIN,13.136,4.593,-2.335,0.504,7.533,-0.812,-6.573,9.481,-0.496,11.537,7.549,3.987,9.013,9.014,0.9645,4.001,9.0,11.538,124.74
3.593,2,SUSTAIN,13.164,4.846,-2.355,0.208,7.61,-0.861,-6.753,9.354,-0.434,11.537,7.613,3.924,8.823,8.824,0.9455,4.005,9.0,11.538,125.83
3.6146,2,SUSTAIN,13.164,4.846,-2.355,0.208,7.61,-0.861,-6.753,9.354,-0.434,11.537,7.613,3.924,8.823,8.824,0.9455,4.005,9.0,11.538,125.83
3.6363,2,SUSTAIN,13.185,5.166,-2.383,-0.222,7.665,-0.905,-6.974,9.191,-0.351,11.537,7.668,3.869,8.579,8.58,0.9218,4.004,9.0,11.538,127.19
3.6573,2,SUSTAIN,13.192,5.426,-2.405,-0.535,7.695,-0.918,-7.151,9.054,-0.285,11.538,7.714,3.824,8.377,8.378,0.9023,4.003,9.0,11.538,128.3
3.6789,2,SUSTAIN,13.192,5.426,-2.405,-0.535,7.695,-0.918,-7.151,9.054,-0.285,11.538,7.714,3.824,8.377,8.378,0.9023,4.003,9.0,11.538,128.3
3.7002,2,SUSTAIN,13.188,5.686,-2.428,-0.872,7.68,-0.897,-7.325,8.915,-0.217,11.538,7.73,3.808,8.172,8.172,0.883,3.995,9.0,11.538,129.41
3.7218,2,SUSTAIN,13.188,5.686,-2.428,-0.872,7.68,-0.897,-7.325,8.915,-0.217,11.538,7.73,3.808,8.172,8.172,0.883,3.995,9.0,11.538,129.41
3.7434,2,SUSTAIN,13.171,5.944,-2.45,-1.255,7.65,-0.879,-7.492,8.775,-0.151,11.538,7.752,3.786,7.963,7.963,0.8641,3.988,9.0,11.538,130.49
3.7649,2,SUSTAIN,13.171,5.944,-2.45,-1.255,7.65,-0.879,-7.492,8.775,-0.151,11.538,7.752,3.786,7.963,7.963,0.8641,3.988,9.0,11.538,130.49
3.7867,2,SUSTAIN,13.142,6.202,-2.471,-1.621,7.623,-0.85,-7.656,8.632,-0.087,11.538,7.794,3.745,7.749,7.749,0.8453,3.987,9.0,11.538,131.57
3.8077,2,SUSTAIN,13.091,6.526,-2.496,-2.087,7.538,-0.784,-7.859,8.449,-0.013,11.538,7.822,3.717,7.476,7.476,0.8216,3.978,9.0,11.538,132.93
3.8294,2,SUSTAIN,13.091,6.526,-2.496,-2.087,7.538,-0.784,-7.859,8.449,-0.013,11.538,7.822,3.717,7.476,7.476,0.8216,3.978,9.0,11.538,132.93
3.8502,2,SUSTAIN,13.036,6.782,-2.513,-2.483,7.464,-0.724,-8.013,8.302,0.04,11.538,7.866,3.672,7.252,7.252,0.8031,3.978,9.0,11.538,133.98
3.8718,2,SUSTAIN,13.036,6.782,-2.513,-2.483,7.464,-0.724,-8.013,8.302,0.04,11.538,7.866,3.672,7.252,7.252,0.8031,3.978,9.0,11.538,133.98
3.8931,2,SUSTAIN,12.968,7.035,-2.53,-2.832,7.429,-0.694,-8.161,8.156,0.09,11.538,7.95,3.588,7.024,7.024,0.7851,3.987,9.0,11.538,135.02
3.9137,2,SUSTAIN,12.889,7.289,-2.545,-3.215,7.375,-0.642,-8.308,8.006,0.134,11.538,8.046,3.492,6.789,6.789,0.7669,4.0,9.0,11.538,136.06
3.9352,2,SUSTAIN,12.889,7.289,-2.545,-3.215,7.375,-0.642,-8.308,8.006,0.134,11.538,8.046,3.492,6.789,6.789,0.7669,4.0,9.0,11.538,136.06
3.9566,2,SUSTAIN,12.797,7.541,-2.557,-3.573,7.314,-0.57,-8.451,7.855,0.172,11.538,8.14,3.398,6.549,6.549,0.7489,4.012,9.0,11.538,137.09
3.9778,2,SUSTAIN,12.797,7.541,-2.557,-3.573,7.314,-0.57,-8.451,7.855,0.172,11.538,8.14,3.398,6.549,6.549,0.7489,4.012,9.0,11.538,137.09
3.9995,2,SUSTAIN,12.664,7.853,-2.571,-4.036,7.246,-0.499,-8.623,7.666,0.213,11.538,8.294,3.244,6.241,6.241,0.7268,4.036,9.0,11.538,138.36
4.0211,2,SUSTAIN,12.664,7.853,-2.571,-4.036,7.246,-0.499,-8.623,7.666,0.213,11.538,8.294,3.244,6.241,6.241,0.7268,4.036,9.0,11.538,138.36
4.0428,2,SUSTAIN,12.575,8.038,-2.578,-4.328,7.188,-0.45,-8.721,7.553,0.235,11.537,8.391,3.147,6.052,6.052,0.7138,4.052,9.0,11.538,139.1
4.0637,2,SUSTAIN,12.445,8.285,-2.584,-4.651,7.123,-0.374,-8.853,7.398,0.253,11.537,8.507,3.03,5.793,5.794,0.6961,4.07,9.0,11.538,140.11
4.0852,2,SUSTAIN,12.445,8.285,-2.584,-4.651,7.123,-0.374,-8.853,7.398,0.253,11.537,8.507,3.03,5.793,5.794,0.6961,4.07,9.0,11.538,140.11
4.1064,2,SUSTAIN,12.267,8.591,-2.589,-5.079,7.038,-0.286,-9.014,7.201,0.267,11.537,8.679,2.858,5.462,5.462,0.674,4.099,9.0,11.538,141.38
4.1274,2,SUSTAIN,12.267,8.591,-2.589,-5.079,7.038,-0.286,-9.014,7.201,0.267,11.537,8.679,2.858,5.462,5.462,0.674,4.099,9.0,11.538,141.38
4.149,2,SUSTAIN,12.112,8.832,-2.59,-5.414,6.959,-0.2,-9.139,7.041,0.271,11.537,8.818,2.719,5.191,5.191,0.6565,4.122,9.0,11.538,142.39
4.1707,2,SUSTAIN,12.112,8.832,-2.59,-5.414,6.959,-0.2,-9.139,7.041,0.271,11.537,8.818,2.719,5.191,5.191,0.6565,4.122,9.0,11.538,142.39
4.1922,2,SUSTAIN,11.944,9.069,-2.59,-5.743,6.879,-0.117,-9.26,6.881,0.269,11.537,8.962,2.575,4.914,4.915,0.639,4.147,9.0,11.538,143.39
4.2128,2,SUSTAIN,11.723,9.365,-2.585,-6.115,6.776,-0.009,-9.417,6.665,0.254,11.536,9.127,2.409,4.561,4.561,0.6159,4.174,9.0,11.538,144.71
4.2343,2,SUSTAIN,11.723,9.365,-2.585,-6.115,6.776,-0.009,-9.417,6.665,0.254,11.536,9.127,2.409,4.561,4.561,0.6159,4.174,9.0,11.538,144.71
4.2558,2,SUSTAIN,11.533,9.597,-2.578,-6.398,6.666,0.07,-9.54,6.487,0.235,11.537,9.239,2.297,4.273,4.274,0.5972,4.19,9.0,11.538,145.78
4.2775,2,SUSTAIN,11.533,9.597,-2.578,-6.398,6.666,0.07,-9.54,6.487,0.235,11.537,9.239,2.297,4.273,4.274,0.5972,4.19,9.0,11.538,145.78
4.2992,2,TURN,11.334,9.825,-2.57,-6.676,6.56,0.132,-9.746,5.954,0.211,11.421,9.359,2.061,3.981,3.982,0.5781,4.208,8.426,11.422,148.58
4.3209,2,TURN,11.334,9.825,-2.57,-6.676,6.56,0.132,-9.746,5.954,0.211,11.421,9.359,2.061,3.981,3.982,0.5781,4.208,8.426,11.422,148.58
4.3416,2,TURN,11.125,10.05,-2.56,-6.942,6.482,0.18,-9.927,5.274,0.18,11.241,9.498,1.743,3.684,3.685,0.5579,4.23,7.975,10.789,152.02
4.3623,2,TURN,10.907,10.272,-2.548,-7.21,6.337,0.239,-10.053,4.614,0.143,11.061,9.599,1.462,3.382,3.382,0.5365,4.241,7.581,10.235,155.35
4.3833,2,TURN,10.907,10.272,-2.548,-7.21,6.337,0.239,-9.89,4.539,0.143,10.881,9.599,1.282,3.382,3.382,0.5365,4.241,7.581,10.235,155.35
4.404,2,TURN,10.68,10.488,-2.534,-7.43,6.22,0.289,-9.962,3.91,0.103,10.702,9.69,1.012,3.077,3.077,0.5137,4.25,7.258,9.776,158.57
4.4255,2,TURN,10.68,10.488,-2.534,-7.43,6.22,0.289,-9.794,3.844,0.103,10.522,9.69,0.832,3.077,3.077,0.5137,4.25,7.258,9.776,158.57
4.4464,2,TURN,10.446,10.699,-2.519,-7.597,6.071,0.352,-9.815,3.26,0.058,10.342,9.725,0.618,2.77,2.77,0.4889,4.242,7.028,9.443,161.63
4.4679,2,TURN,10.446,10.699,-2.519,-7.597,6.071,0.352,-9.644,3.203,0.058,10.162,9.725,0.438,2.77,2.77,0.4889,4.242,7.028,9.443,161.63
4.4895,3,SUSTAIN,10.145,10.956,-2.499,-7.761,5.893,0.422,-10.348,1.065,-0.004,10.402,9.745,0.657,10.198,10.198,1.0853,4.627,9.0,11.538,174.13
4.5108,3,SUSTAIN,9.961,11.106,-2.485,-7.854,5.772,0.459,-10.6,0.951,-0.046,10.642,9.747,0.895,10.001,10.001,1.0723,4.619,9.0,11.538,174.87
4.5316,3,SUSTAIN,9.961,11.106,-2.485,-7.854,5.772,0.459,-10.839,0.973,-0.046,10.882,9.747,1.135,10.001,10.001,1.0723,4.619,9.0,11.538,174.87
4.553,3,SUSTAIN,9.648,11.347,-2.46,-8.009,5.486,0.52,-11.097,0.751,-0.119,11.122,9.708,1.414,9.67,9.67,1.0503,4.596,9.0,11.538,176.13
4.5745,3,SUSTAIN,9.648,11.347,-2.46,-8.009,5.486,0.52,-11.336,0.767,-0.119,11.362,9.708,1.654,9.67,9.67,1.0503,4.596,9.0,11.538,176.13
4.5961,3,SUSTAIN,9.393,11.53,-2.44,-8.144,5.209,0.52,-11.524,0.577,-0.179,11.538,9.668,1.87,9.405,9.405,1.0328,4.574,9.0,11.538,177.13
4.6176,3,SUSTAIN,9.393,11.53,-2.44,-8.144,5.209,0.52,-11.524,0.577,-0.179,11.538,9.668,1.87,9.405,9.405,1.0328,4.574,9.0,11.538,177.13
4.6389,3,SUSTAIN,9.133,11.703,-2.421,-8.25,4.918,0.506,-11.532,0.375,-0.238,11.538,9.605,1.933,9.138,9.138,1.0153,4.548,9.0,11.538,178.14
4.6602,3,SUSTAIN,8.87,11.865,-2.401,-8.316,4.595,0.496,-11.536,0.175,-0.296,11.538,9.501,2.037,8.871,8.872,0.998,4.511,9.0,11.538,179.13
4.6817,3,SUSTAIN,8.87,11.865,-2.401,-8.316,4.595,0.496,-11.536,0.175,-0.296,11.538,9.501,2.037,8.871,8.872,0.998,4.511,9.0,11.538,179.13
4.7034,3,SUSTAIN,8.538,12.052,-2.378,-8.362,4.169,0.488,-11.537,-0.07,-0.365,11.537,9.344,2.194,8.538,8.539,0.9767,4.458,9.0,11.538,-179.65
4.7244,3,SUSTAIN,8.538,12.052,-2.378,-8.362,4.169,0.488,-11.537,-0.07,-0.365,11.537,9.344,2.194,8.538,8.539,0.9767,4.458,9.0,11.538,-179.65
4.7461,3,SUSTAIN,8.271,12.188,-2.361,-8.389,3.793,0.476,-11.534,-0.262,-0.417,11.537,9.206,2.331,8.273,8.274,0.9601,4.413,9.0,11.538,-178.7
4.7676,3,SUSTAIN,8.271,12.188,-2.361,-8.389,3.793,0.476,-11.534,-0.262,-0.417,11.537,9.206,2.331,8.273,8.274,0.9601,4.413,9.0,11.538,-178.7
4.7891,3,SUSTAIN,8.001,12.31,-2.344,-8.404,3.422,0.435,-11.528,-0.447,-0.467,11.536,9.074,2.462,8.007,8.009,0.944,4.37,9.0,11.538,-177.78
4.8103,3,SUSTAIN,7.731,12.42,-2.329,-8.425,3.008,0.372,-11.519,-0.625,-0.512,11.536,8.946,2.59,7.743,7.745,0.9286,4.328,9.0,11.538,-176.89
4.8316,3,SUSTAIN,7.731,12.42,-2.329,-8.425,3.008,0.372,-11.519,-0.625,-0.512,11.536,8.946,2.59,7.743,7.745,0.9286,4.328,9.0,11.538,-176.89
4.8532,3,SUSTAIN,7.46,12.515,-2.317,-8.451,2.63,0.287,-11.508,-0.795,-0.548,11.535,8.851,2.684,7.478,7.48,0.9138,4.295,9.0,11.538,-176.05
4.8748,3,SUSTAIN,7.46,12.515,-2.317,-8.451,2.63,0.287,-11.508,-0.795,-0.548,11.535,8.851,2.684,7.478,7.48,0.9138,4.295,9.0,11.538,-176.05
4.8955,3,SUSTAIN,7.189,12.598,-2.308,-8.456,2.234,0.192,-11.495,-0.957,-0.575,11.534,8.746,2.788,7.214,7.216,0.8997,4.259,9.0,11.538,-175.24
4.9165,3,SUSTAIN,6.916,12.67,-2.302,-8.465,1.872,0.105,-11.48,-1.112,-0.595,11.534,8.67,2.864,6.949,6.951,0.8862,4.232,9.0,11.538,-174.47
4.938,3,SUSTAIN,6.916,12.67,-2.302,-8.465,1.872,0.105,-11.48,-1.112,-0.595,11.534,8.67,2.864,6.949,6.951,0.8862,4.232,9.0,11.538,-174.47
4.9594,3,SUSTAIN,6.575,12.742,-2.297,-8.479,1.437,-0.016,-11.46,-1.293,-0.608,11.533,8.6,2.933,6.617,6.62,0.8705,4.204,9.0,11.538,-173.56
4.9806,3,SUSTAIN,6.575,12.742,-2.297,-8.479,1.437,-0.016,-11.46,-1.293,-0.608,11.533,8.6,2.933,6.617,6.62,0.8705,4.204,9.0,11.538,-173.56
5.0025,3,SUSTAIN,6.302,12.786,-2.298,-8.477,1.122,-0.103,-11.444,-1.428,-0.607,11.533,8.551,2.981,6.351,6.355,0.8587,4.184,9.0,11.538,-172.89
5.0238,3,SUSTAIN,6.302,12.786,-2.298,-8.477,1.122,-0.103,-11.444,-1.428,-0.607,11.533,8.551,2.981,6.351,6.355,0.8587,4.184,9.0,11.538,-172.89
5.0454,3,SUSTAIN,6.028,12.821,-2.3,-8.48,0.813,-0.176,-11.427,-1.556,-0.599,11.532,8.519,3.013,6.084,6.087,0.8475,4.169,9.0,11.538,-172.25
5.0662,3,SHORT,5.754,12.846,-2.305,-8.494,0.566,-0.255,-11.607,-1.706,-0.584,11.732,8.513,3.219,5.815,5.819,0.8368,4.161,8.534,11.874,-171.64
5.0875,3,SHORT,5.754,12.846,-2.305,-8.494,0.566,-0.255,-11.741,-1.726,-0.584,11.867,8.513,3.355,5.815,5.819,0.8368,4.161,8.534,11.874,-171.64
5.1085,3,SHORT,5.479,12.862,-2.313,-8.498,0.328,-0.312,-11.726,-1.846,-0.562,11.87,8.504,3.366,5.546,5.549,0.8267,4.152,8.545,11.877,-171.05
5.1301,3,SHORT,5.479,12.862,-2.313,-8.498,0.328,-0.312,-11.726,-1.846,-0.562,11.87,8.504,3.366,5.546,5.549,0.8267,4.152,8.545,11.877,-171.05
5.1517,3,SHORT,5.203,12.871,-2.322,-8.518,0.107,-0.379,-11.71,-1.96,-0.534,11.873,8.518,3.355,5.276,5.279,0.8169,4.15,8.556,11.88,-170.5
5.1732,3,SHORT,5.203,12.871,-2.322,-8.518,0.107,-0.379,-11.71,-1.96,-0.534,11.873,8.518,3.355,5.276,5.279,0.8169,4.15,8.556,11.88,-170.5
5.1943,3,SHORT,4.925,12.871,-2.333,-8.573,-0.138,-0.444,-11.694,-2.067,-0.502,11.876,8.574,3.302,5.002,5.004,0.8078,4.158,8.565,11.882,-169.98
5.2155,3,SHORT,4.925,12.871,-2.333,-8.573,-0.138,-0.444,-11.694,-2.067,-0.502,11.876,8.574,3.302,5.002,5.004,0.8078,4.158,8.565,11.882,-169.98
5.2371,3,SUSTAIN,4.575,12.858,-2.348,-8.625,-0.43,-0.483,-11.335,-2.126,-0.457,11.532,8.636,2.897,4.655,4.658,0.7974,4.167,9.0,11.538,-169.38
5.2583,3,SUSTAIN,4.294,12.84,-2.361,-8.656,-0.651,-0.493,-11.318,-2.213,-0.418,11.533,8.681,2.852,4.376,4.378,0.7897,4.173,9.0,11.538,-168.94
5.2798,3,SUSTAIN,4.294,12.84,-2.361,-8.656,-0.651,-0.493,-11.318,-2.213,-0.418,11.533,8.681,2.852,4.376,4.378,0.7897,4.173,9.0,11.538,-168.94
5.3014,3,TURN,4.012,12.814,-2.374,-8.721,-0.874,-0.533,-11.382,-2.502,-0.377,11.653,8.765,2.888,4.094,4.096,0.7827,4.189,8.438,11.675,-167.6
5.3223,3,TURN,4.012,12.814,-2.374,-8.721,-0.874,-0.533,-11.398,-2.505,-0.377,11.67,8.765,2.905,4.094,4.096,0.7827,4.189,8.438,11.675,-167.6
5.3436,3,TURN,3.725,12.778,-2.387,-8.796,-1.058,-0.557,-11.059,-3.12,-0.338,11.491,8.859,2.631,3.806,3.807,0.7769,4.209,7.961,11.009,-164.25
5.3643,3,TURN,3.437,12.737,-2.401,-8.869,-1.222,-0.556,-10.686,-3.711,-0.297,11.312,8.953,2.359,3.515,3.516,0.7717,4.23,7.518,10.391,-160.85
5.3859,3,TURN,3.437,12.737,-2.401,-8.869,-1.222,-0.556,-10.516,-3.652,-0.297,11.132,8.953,2.179,3.515,3.516,0.7717,4.23,7.518,10.391,-160.85
5.4074,3,TURN,3.073,12.677,-2.419,-8.97,-1.448,-0.542,-10.046,-4.364,-0.244,10.953,9.086,1.867,3.146,3.147,0.766,4.259,7.042,9.727,-156.52
5.429,3,TURN,3.073,12.677,-2.419,-8.97,-1.448,-0.542,-9.881,-4.292,-0.244,10.773,9.086,1.687,3.146,3.147,0.766,4.259,7.042,9.727,-156.52
5.4506,3,TURN,2.778,12.621,-2.432,-9.06,-1.61,-0.539,-9.443,-4.802,-0.205,10.594,9.202,1.392,2.847,2.848,0.7628,4.286,6.75,9.321,-153.04
5.4722,3,TURN,2.778,12.621,-2.432,-9.06,-1.61,-0.539,-9.282,-4.721,-0.205,10.414,9.202,1.212,2.847,2.848,0.7628,4.286,6.75,9.321,-153.04
5.494,3,TURN,2.48,12.559,-2.445,-9.159,-1.746,-0.525,-8.824,-5.183,-0.165,10.234,9.324,0.91,2.543,2.543,0.761,4.315,6.557,9.053,-149.57
5.5151,4,SUSTAIN,2.18,12.493,-2.457,-9.216,-1.911,-0.481,-7.222,-7.587,-0.128,10.475,9.412,1.063,8.965,8.965,1.3487,4.712,9.0,11.538,-133.59
5.5367,4,SUSTAIN,2.18,12.493,-2.457,-9.216,-1.911,-0.481,-7.387,-7.761,-0.128,10.715,9.412,1.303,8.965,8.965,1.3487,4.712,9.0,11.538,-133.59
5.558,4,SUSTAIN,1.879,12.422,-2.468,-9.255,-2.067,-0.433,-7.397,-8.08,-0.095,10.955,9.483,1.472,8.707,8.707,1.3293,4.717,9.0,11.538,-132.47
5.5796,4,SUSTAIN,1.879,12.422,-2.468,-9.255,-2.067,-0.433,-7.559,-8.257,-0.095,11.195,9.483,1.712,8.707,8.707,1.3293,4.717,9.0,11.538,-132.47
5.6012,4,SUSTAIN,1.577,12.344,-2.478,-9.289,-2.238,-0.405,-7.55,-8.588,-0.067,11.435,9.555,1.88,8.447,8.447,1.3091,4.722,9.0,11.538,-131.32
5.6219,4,SUSTAIN,1.198,12.236,-2.489,-9.284,-2.53,-0.37,-7.388,-8.863,-0.034,11.538,9.622,1.916,8.118,8.118,1.2828,4.722,9.0,11.538,-129.81
5.6435,4,SUSTAIN,1.198,12.236,-2.489,-9.284,-2.53,-0.37,-7.388,-8.863,-0.034,11.538,9.622,1.916,8.118,8.118,1.2828,4.722,9.0,11.538,-129.81
5.6643,4,SUSTAIN,0.896,12.141,-2.497,-9.231,-2.804,-0.356,-7.193,-9.022,-0.009,11.538,9.648,1.891,7.854,7.854,1.2611,4.715,9.0,11.538,-128.56
5.6861,4,SUSTAIN,0.896,12.141,-2.497,-9.231,-2.804,-0.356,-7.193,-9.022,-0.009,11.538,9.648,1.891,7.854,7.854,1.2611,4.715,9.0,11.538,-128.56
5.7077,4,SUSTAIN,0.597,12.037,-2.505,-9.123,-3.107,-0.361,-6.99,-9.18,0.016,11.538,9.637,1.901,7.588,7.588,1.2388,4.698,9.0,11.538,-127.29
5.7291,4,SUSTAIN,0.597,12.037,-2.505,-9.123,-3.107,-0.361,-6.99,-9.18,0.016,11.538,9.637,1.901,7.588,7.588,1.2388,4.698,9.0,11.538,-127.29
5.7506,4,SUSTAIN,0.303,11.922,-2.513,-8.972,-3.442,-0.359,-6.783,-9.334,0.04,11.538,9.61,1.929,7.32,7.32,1.2164,4.677,9.0,11.538,-126.0
5.7723,4,SUSTAIN,0.303,11.922,-2.513,-8.972,-3.442,-0.359,-6.783,-9.334,0.04,11.538,9.61,1.929,7.32,7.32,1.2164,4.677,9.0,11.538,-126.0
5.7931,4,SUSTAIN,0.014,11.795,-2.522,-8.778,-3.767,-0.367,-6.57,-9.485,0.065,11.538,9.552,1.986,7.05,7.05,1.1938,4.648,9.0,11.538,-124.71
5.8142,4,SUSTAIN,-0.267,11.659,-2.53,-8.538,-4.097,-0.356,-6.353,-9.632,0.09,11.538,9.47,2.069,6.779,6.779,1.1711,4.613,9.0,11.538,-123.41
5.8357,4,SUSTAIN,-0.267,11.659,-2.53,-8.538,-4.097,-0.356,-6.353,-9.632,0.09,11.538,9.47,2.069,6.779,6.779,1.1711,4.613,9.0,11.538,-123.41
5.8566,4,SUSTAIN,-0.54,11.513,-2.538,-8.274,-4.409,-0.316,-6.133,-9.773,0.113,11.538,9.376,2.163,6.509,6.509,1.1485,4.575,9.0,11.538,-122.11
5.8786,4,SUSTAIN,-0.54,11.513,-2.538,-8.274,-4.409,-0.316,-6.133,-9.773,0.113,11.538,9.376,2.163,6.509,6.509,1.1485,4.575,9.0,11.538,-122.11
5.9001,4,SUSTAIN,-0.869,11.313,-2.545,-7.911,-4.803,-0.269,-5.859,-9.94,0.136,11.538,9.255,2.283,6.167,6.167,1.1206,4.527,9.0,11.538,-120.52
5.9212,4,SHORT,-1.121,11.142,-2.551,-7.613,-5.108,-0.246,-5.731,-10.234,0.153,11.729,9.168,2.562,5.893,5.893,1.0985,4.491,8.206,11.73,-119.25
5.9426,4,SHORT,-1.121,11.142,-2.551,-7.613,-5.108,-0.246,-5.731,-10.234,0.153,11.729,9.168,2.562,5.893,5.893,1.0985,4.491,8.206,11.73,-119.25
5.9641,4,SHORT,-1.362,10.962,-2.556,-7.278,-5.424,-0.201,-5.513,-10.372,0.167,11.746,9.077,2.668,5.62,5.62,1.0766,4.455,8.236,11.746,-117.99
5.986,4,SHORT,-1.362,10.962,-2.556,-7.278,-5.424,-0.201,-5.513,-10.372,0.167,11.746,9.077,2.668,5.62,5.62,1.0766,4.455,8.236,11.746,-117.99
6.0077,4,SHORT,-1.593,10.772,-2.558,-6.935,-5.728,-0.147,-5.297,-10.501,0.175,11.761,8.995,2.767,5.345,5.345,1.0552,4.42,8.266,11.762,-116.77
6.029,4,SHORT,-1.593,10.772,-2.558,-6.935,-5.728,-0.147,-5.297,-10.501,0.175,11.761,8.995,2.767,5.345,5.345,1.0552,4.42,8.266,11.762,-116.77
6.05,4,SHORT,-1.813,10.571,-2.56,-6.626,-6.019,-0.128,-5.083,-10.622,0.179,11.776,8.952,2.824,5.067,5.067,1.0343,4.396,8.294,11.776,-115.57
6.071,4,SHORT,-2.022,10.361,-2.56,-6.292,-6.317,-0.082,-4.869,-10.736,0.18,11.789,8.916,2.873,4.788,4.789,1.0138,4.374,8.321,11.79,-114.4
6.0925,4,SHORT,-2.022,10.361,-2.56,-6.292,-6.317,-0.082,-4.869,-10.736,0.18,11.789,8.916,2.873,4.788,4.789,1.0138,4.374,8.321,11.79,-114.4
6.1136,4,SHORT,-2.269,10.086,-2.558,-5.903,-6.665,-0.018,-4.604,-10.869,0.174,11.804,8.904,2.901,4.438,4.438,0.9887,4.355,8.354,11.805,-112.96
6.1352,4,SHORT,-2.269,10.086,-2.558,-5.903,-6.665,-0.018,-4.604,-10.869,0.174,11.804,8.904,2.901,4.438,4.438,0.9887,4.355,8.354,11.805,-112.96
6.1568,4,TURN,-2.456,9.856,-2.554,-5.605,-6.921,0.035,-3.923,-10.942,0.163,11.624,8.906,2.718,4.154,4.154,0.969,4.343,8.078,11.393,-109.72
6.1787,4,TURN,-2.456,9.856,-2.554,-5.605,-6.921,0.035,-3.862,-10.773,0.163,11.444,8.906,2.538,4.154,4.154,0.969,4.343,8.078,11.393,-109.72
6.2002,4,TURN,-2.633,9.616,-2.549,-5.329,-7.2,0.074,-2.983,-10.862,0.147,11.264,8.958,2.306,3.866,3.866,0.9495,4.344,7.661,10.783,-105.35
6.2209,4,TURN,-2.801,9.369,-2.543,-5.066,-7.486,0.095,-2.083,-10.887,0.129,11.085,9.039,2.045,3.576,3.576,0.9299,4.352,7.266,10.206,-100.83
6.2423,4,TURN,-2.801,9.369,-2.543,-5.066,-7.486,0.095,-2.049,-10.71,0.129,10.905,9.039,1.865,3.576,3.576,0.9299,4.352,7.266,10.206,-100.83
6.2637,4,TURN,-2.961,9.113,-2.536,-4.781,-7.741,0.139,-1.182,-10.659,0.108,10.725,9.098,1.627,3.282,3.282,0.9101,4.354,6.928,9.711,-96.33
6.2848,4,TURN,-2.961,9.113,-2.536,-4.781,-7.741,0.139,-1.162,-10.48,0.108,10.545,9.098,1.447,3.282,3.282,0.9101,4.354,6.928,9.711,-96.33
6.3064,4,TURN,-3.112,8.849,-2.526,-4.538,-7.942,0.201,-0.332,-10.36,0.079,10.365,9.147,1.218,2.984,2.984,0.89,4.353,6.658,9.314,-91.84
6.3283,4,TURN,-3.112,8.849,-2.526,-4.538,-7.942,0.201,-0.326,-10.18,0.079,10.185,9.147,1.038,2.984,2.984,0.89,4.353,6.658,9.314,-91.84
6.3499,4,TURN,-3.291,8.51,-2.511,-4.248,-8.164,0.273,0.647,-9.984,0.034,10.005,9.203,0.802,2.609,2.609,0.8634,4.35,6.442,8.987,-86.29
6.371,5,SUSTAIN,-3.426,8.235,-2.498,-4.049,-8.32,0.313,3.935,-9.459,-0.007,10.245,9.253,0.992,8.919,8.919,0.5886,4.188,9.0,11.538,-67.41
6.3925,5,SUSTAIN,-3.426,8.235,-2.498,-4.049,-8.32,0.313,4.027,-9.681,-0.007,10.485,9.253,1.232,8.919,8.919,0.5886,4.188,9.0,11.538,-67.41
6.4141,5,SUSTAIN,-3.553,7.955,-2.483,-3.782,-8.461,0.362,4.374,-9.793,-0.051,10.725,9.268,1.457,8.712,8.712,0.5627,4.175,9.0,11.538,-65.93
6.4355,5,SUSTAIN,-3.553,7.955,-2.483,-3.782,-8.461,0.362,4.472,-10.012,-0.051,10.965,9.268,1.697,8.712,8.712,0.5627,4.175,9.0,11.538,-65.93
6.4571,5,SUSTAIN,-3.7,7.597,-2.461,-3.424,-8.622,0.399,4.906,-10.074,-0.117,11.205,9.277,1.928,8.45,8.45,0.5296,4.156,9.0,11.538,-64.03
6.478,5,SUSTAIN,-3.7,7.597,-2.461,-3.424,-8.622,0.399,5.011,-10.289,-0.117,11.445,9.277,2.168,8.45,8.45,0.5296,4.156,9.0,11.538,-64.03
6.4996,5,SUSTAIN,-3.781,7.379,-2.448,-3.203,-8.715,0.381,5.262,-10.269,-0.156,11.538,9.285,2.253,8.292,8.292,0.5093,4.145,9.0,11.538,-62.87
6.5209,5,SUSTAIN,-3.903,7.014,-2.427,-2.735,-8.83,0.358,5.61,-10.082,-0.218,11.538,9.244,2.294,8.027,8.027,0.475,4.113,9.0,11.538,-60.91
6.5425,5,SUSTAIN,-3.903,7.014,-2.427,-2.735,-8.83,0.358,5.61,-10.082,-0.218,11.538,9.244,2.294,8.027,8.027,0.475,4.113,9.0,11.538,-60.91
6.5641,5,SUSTAIN,-3.987,6.719,-2.412,-2.357,-8.888,0.316,5.888,-9.922,-0.265,11.538,9.195,2.343,7.812,7.813,0.4473,4.083,9.0,11.538,-59.32
6.586,5,SUSTAIN,-3.987,6.719,-2.412,-2.357,-8.888,0.316,5.888,-9.922,-0.265,11.538,9.195,2.343,7.812,7.813,0.4473,4.083,9.0,11.538,-59.32
6.6076,5,SUSTAIN,-4.058,6.421,-2.397,-1.984,-8.899,0.279,6.164,-9.753,-0.309,11.537,9.118,2.42,7.596,7.596,0.4191,4.046,9.0,11.538,-57.71
6.6286,5,SUSTAIN,-4.117,6.124,-2.384,-1.599,-8.88,0.229,6.437,-9.574,-0.348,11.537,9.022,2.515,7.379,7.38,0.3909,4.004,9.0,11.538,-56.08
6.6501,5,SUSTAIN,-4.117,6.124,-2.384,-1.599,-8.88,0.229,6.437,-9.574,-0.348,11.537,9.022,2.515,7.379,7.38,0.3909,4.004,9.0,11.538,-56.08
6.6708,5,SUSTAIN,-4.164,5.829,-2.373,-1.217,-8.83,0.166,6.707,-9.387,-0.381,11.537,8.913,2.624,7.164,7.165,0.3624,3.959,9.0,11.538,-54.46
6.6923,5,SUSTAIN,-4.164,5.829,-2.373,-1.217,-8.83,0.166,6.707,-9.387,-0.381,11.537,8.913,2.624,7.164,7.165,0.3624,3.959,9.0,11.538,-54.46
6.7137,5,SUSTAIN,-4.205,5.462,-2.362,-0.703,-8.708,0.118,7.037,-9.141,-0.415,11.536,8.736,2.8,6.893,6.895,0.3267,3.892,9.0,11.538,-52.41
6.7352,5,SUSTAIN,-4.205,5.462,-2.362,-0.703,-8.708,0.118,7.037,-9.141,-0.415,11.536,8.736,2.8,6.893,6.895,0.3267,3.892,9.0,11.538,-52.41
6.7563,5,SUSTAIN,-4.219,5.245,-2.356,-0.403,-8.629,0.055,7.231,-8.988,-0.432,11.536,8.638,2.898,6.731,6.733,0.3053,3.854,9.0,11.538,-51.18
6.7775,5,SUSTAIN,-4.219,5.245,-2.356,-0.403,-8.629,0.055,7.231,-8.988,-0.432,11.536,8.638,2.898,6.731,6.733,0.3053,3.854,9.0,11.538,-51.18
6.799,5,SUSTAIN,-4.227,4.888,-2.349,0.114,-8.464,-0.002,7.546,-8.725,-0.452,11.535,8.465,3.071,6.462,6.464,0.2698,3.788,9.0,11.538,-49.15
6.8203,5,SUSTAIN,-4.219,4.608,-2.346,0.493,-8.319,-0.047,7.789,-8.508,-0.462,11.535,8.334,3.201,6.248,6.25,0.2415,3.737,9.0,11.538,-47.52
6.8417,5,SUSTAIN,-4.219,4.608,-2.346,0.493,-8.319,-0.047,7.789,-8.508,-0.462,11.535,8.334,3.201,6.248,6.25,0.2415,3.737,9.0,11.538,-47.52
6.8633,5,SUSTAIN,-4.198,4.332,-2.345,0.865,-8.187,-0.121,8.027,-8.283,-0.466,11.535,8.232,3.302,6.032,6.034,0.2131,3.694,9.0,11.538,-45.9
6.8848,5,SUSTAIN,-4.198,4.332,-2.345,0.865,-8.187,-0.121,8.027,-8.283,-0.466,11.535,8.232,3.302,6.032,6.034,0.2131,3.694,9.0,11.538,-45.9
6.9066,5,SUSTAIN,-4.165,4.06,-2.345,1.248,-8.037,-0.186,8.26,-8.051,-0.464,11.534,8.134,3.401,5.816,5.818,0.1846,3.651,9.0,11.538,-44.27
6.9276,5,SUSTAIN,-4.12,3.793,-2.348,1.597,-7.892,-0.238,8.485,-7.813,-0.455,11.534,8.052,3.482,5.6,5.602,0.1562,3.612,9.0,11.538,-42.64
6.9486,5,SUSTAIN,-4.12,3.793,-2.348,1.597,-7.892,-0.238,8.485,-7.813,-0.455,11.534,8.052,3.482,5.6,5.602,0.1562,3.612,9.0,11.538,-42.64
6.9702,5,SUSTAIN,-4.048,3.467,-2.355,2.035,-7.694,-0.298,8.76,-7.503,-0.436,11.534,7.958,3.576,5.33,5.332,0.1203,3.566,9.0,11.538,-40.58
6.9917,5,SUSTAIN,-4.048,3.467,-2.355,2.035,-7.694,-0.298,8.76,-7.503,-0.436,11.534,7.958,3.576,5.33,5.332,0.1203,3.566,9.0,11.538,-40.58
7.0134,5,SUSTAIN,-3.975,3.211,-2.362,2.417,-7.518,-0.342,8.973,-7.248,-0.414,11.534,7.897,3.638,5.11,5.112,0.0914,3.532,9.0,11.538,-38.93
7.0349,5,SUSTAIN,-3.975,3.211,-2.362,2.417,-7.518,-0.342,8.973,-7.248,-0.414,11.534,7.897,3.638,5.11,5.112,0.0914,3.532,9.0,11.538,-38.93
7.0565,5,SUSTAIN,-3.891,2.961,-2.371,2.763,-7.365,-0.369,9.179,-6.985,-0.388,11.534,7.867,3.668,4.89,4.892,0.0625,3.506,9.0,11.538,-37.27
7.0779,5,SUSTAIN,-3.797,2.717,-2.381,3.094,-7.225,-0.423,9.381,-6.712,-0.357,11.535,7.86,3.675,4.669,4.67,0.033,3.486,9.0,11.538,-35.58
7.0994,5,SUSTAIN,-3.797,2.717,-2.381,3.094,-7.225,-0.423,9.381,-6.712,-0.357,11.535,7.86,3.675,4.669,4.67,0.033,3.486,9.0,11.538,-35.58
7.1208,5,SUSTAIN,-3.691,2.477,-2.392,3.411,-7.081,-0.439,9.579,-6.427,-0.323,11.535,7.86,3.675,4.445,4.447,0.003,3.467,9.0,11.538,-33.86
7.1424,5,SUSTAIN,-3.691,2.477,-2.392,3.411,-7.081,-0.439,9.579,-6.427,-0.323,11.535,7.86,3.675,4.445,4.447,0.003,3.467,9.0,11.538,-33.86
7.1636,5,SUSTAIN,-3.574,2.241,-2.404,3.733,-6.922,-0.451,9.774,-6.127,-0.287,11.535,7.864,3.671,4.218,4.219,0.028,3.484,9.0,11.538,-32.09
7.1847,5,SUSTAIN,-3.447,2.01,-2.417,4.041,-6.772,-0.484,9.965,-5.811,-0.248,11.536,7.886,3.65,3.99,3.991,0.0601,3.51,9.0,11.538,-30.25
7.2056,5,SUSTAIN,-3.447,2.01,-2.417,4.041,-6.772,-0.484,9.965,-5.811,-0.248,11.536,7.886,3.65,3.99,3.991,0.0601,3.51,9.0,11.538,-30.25
7.2267,5,SUSTAIN,-3.273,1.731,-2.435,4.483,-6.551,-0.517,10.199,-5.393,-0.194,11.537,7.939,3.598,3.702,3.703,0.1016,3.549,9.0,11.538,-27.87
7.2474,5,SUSTAIN,-3.273,1.731,-2.435,4.483,-6.551,-0.517,10.199,-5.393,-0.194,11.537,7.939,3.598,3.702,3.703,0.1016,3.549,9.0,11.538,-27.87
7.2688,5,TURN,-3.12,1.512,-2.45,4.797,-6.394,-0.518,10.253,-5.025,-0.149,11.418,7.993,3.425,3.467,3.467,0.1368,3.585,8.793,11.42,-26.11
7.2901,5,TURN,-3.12,1.512,-2.45,4.797,-6.394,-0.518,10.253,-5.025,-0.149,11.418,7.993,3.425,3.467,3.467,0.1368,3.585,8.793,11.42,-26.11
7.312,5,TURN,-2.957,1.298,-2.466,5.107,-6.258,-0.536,10.203,-4.713,-0.103,11.239,8.077,3.162,3.229,3.229,0.1745,3.63,8.334,10.863,-24.79
7.3336,5,TURN,-2.957,1.298,-2.466,5.107,-6.258,-0.536,10.04,-4.638,-0.103,11.059,8.077,2.982,3.229,3.229,0.1745,3.63,8.334,10.863,-24.79
7.3543,5,TURN,-2.784,1.089,-2.482,5.427,-6.108,-0.54,9.965,-4.367,-0.055,10.879,8.171,2.709,2.99,2.99,0.2152,3.68,7.904,10.342,-23.67
7.3752,5,TURN,-2.602,0.886,-2.498,5.731,-5.951,-0.545,9.87,-4.13,-0.007,10.7,8.262,2.438,2.749,2.749,0.2598,3.731,7.528,9.892,-22.71
7.3969,5,TURN,-2.602,0.886,-2.498,5.731,-5.951,-0.545,9.704,-4.061,-0.007,10.52,8.262,2.258,2.749,2.749,0.2598,3.731,7.528,9.892,-22.71
7.4181,6,SUSTAIN,-2.359,0.638,-2.518,6.089,-5.727,-0.518,9.408,-5.221,0.054,10.76,8.359,2.401,9.559,9.559,0.5066,3.912,9.0,11.538,-29.03
7.4399,6,SUSTAIN,-2.359,0.638,-2.518,6.089,-5.727,-0.518,9.618,-5.337,0.054,11.0,8.359,2.641,9.559,9.559,0.5066,3.912,9.0,11.538,-29.03
7.4616,6,SUSTAIN,-2.153,0.448,-2.533,6.383,-5.552,-0.504,9.867,-5.382,0.099,11.239,8.46,2.78,9.288,9.288,0.4994,3.933,9.0,11.538,-28.61
7.4829,6,SUSTAIN,-1.939,0.263,-2.548,6.691,-5.341,-0.487,10.113,-5.431,0.145,11.479,8.561,2.919,9.011,9.012,0.4928,3.954,9.0,11.538,-28.24
7.5045,6,SUSTAIN,-1.939,0.263,-2.548,6.691,-5.341,-0.487,10.165,-5.459,0.145,11.538,8.561,2.977,9.011,9.012,0.4928,3.954,9.0,11.538,-28.24
7.526,6,SUSTAIN,-1.717,0.087,-2.562,6.933,-5.128,-0.422,10.196,-5.4,0.186,11.538,8.624,2.914,8.732,8.732,0.487,3.966,9.0,11.538,-27.91
7.5477,6,SUSTAIN,-1.717,0.087,-2.562,6.933,-5.128,-0.422,10.196,-5.4,0.186,11.538,8.624,2.914,8.732,8.732,0.487,3.966,9.0,11.538,-27.91
7.5695,6,SUSTAIN,-1.426,-0.126,-2.577,7.193,-4.89,-0.347,10.229,-5.337,0.23,11.538,8.698,2.84,8.376,8.376,0.4809,3.981,9.0,11.538,-27.55
7.5909,6,SUSTAIN,-1.426,-0.126,-2.577,7.193,-4.89,-0.347,10.229,-5.337,0.23,11.538,8.698,2.84,8.376,8.376,0.4809,3.981,9.0,11.538,-27.55
7.6125,6,SUSTAIN,-1.247,-0.249,-2.584,7.364,-4.77,-0.318,10.246,-5.304,0.252,11.538,8.774,2.764,8.16,8.161,0.4777,3.998,9.0,11.538,-27.37
7.6335,6,SUSTAIN,-0.94,-0.445,-2.595,7.673,-4.543,-0.257,10.269,-5.26,0.284,11.538,8.917,2.62,7.797,7.798,0.4734,4.031,9.0,11.538,-27.12
7.6551,6,SUSTAIN,-0.94,-0.445,-2.595,7.673,-4.543,-0.257,10.269,-5.26,0.284,11.538,8.917,2.62,7.797,7.798,0.4734,4.031,9.0,11.538,-27.12
7.6763,6,SUSTAIN,-0.685,-0.597,-2.601,7.888,-4.408,-0.211,10.282,-5.234,0.304,11.537,9.036,2.501,7.501,7.502,0.4709,4.059,9.0,11.538,-26.98
7.6979,6,SUSTAIN,-0.685,-0.597,-2.601,7.888,-4.408,-0.211,10.282,-5.234,0.304,11.537,9.036,2.501,7.501,7.502,0.4709,4.059,9.0,11.538,-26.98
7.7198,6,SUSTAIN,-0.422,-0.745,-2.606,8.081,-4.289,-0.153,10.291,-5.216,0.317,11.537,9.148,2.389,7.2,7.201,0.4691,4.086,9.0,11.538,-26.88
7.7412,6,SUSTAIN,-0.422,-0.745,-2.606,8.081,-4.289,-0.153,10.291,-5.216,0.317,11.537,9.148,2.389,7.2,7.201,0.4691,4.086,9.0,11.538,-26.88
7.7627,6,SUSTAIN,-0.154,-0.889,-2.609,8.286,-4.214,-0.1,10.296,-5.205,0.327,11.537,9.296,2.241,6.896,6.897,0.4681,4.122,9.0,11.538,-26.82
7.7836,6,SUSTAIN,0.119,-1.03,-2.61,8.467,-4.168,-0.042,10.298,-5.201,0.33,11.537,9.437,2.1,6.588,6.589,0.4677,4.157,9.0,11.538,-26.79
7.8051,6,SUSTAIN,0.119,-1.03,-2.61,8.467,-4.168,-0.042,10.298,-5.201,0.33,11.537,9.437,2.1,6.588,6.589,0.4677,4.157,9.0,11.538,-26.79
7.8267,6,SUSTAIN,0.399,-1.171,-2.609,8.607,-4.196,0.007,10.298,-5.201,0.327,11.537,9.575,1.961,6.275,6.276,0.4677,4.192,9.0,11.538,-26.8
7.8484,6,SUSTAIN,0.399,-1.171,-2.609,8.607,-4.196,0.007,10.298,-5.201,0.327,11.537,9.575,1.961,6.275,6.276,0.4677,4.192,9.0,11.538,-26.8
7.8699,6,SUSTAIN,0.755,-1.348,-2.604,8.766,-4.18,0.094,10.295,-5.206,0.313,11.537,9.712,1.825,5.877,5.878,0.4682,4.226,9.0,11.538,-26.82
7.8913,6,SUSTAIN,0.755,-1.348,-2.604,8.766,-4.18,0.094,10.295,-5.206,0.313,11.537,9.712,1.825,5.877,5.878,0.4682,4.226,9.0,11.538,-26.82
7.9125,6,SUSTAIN,1.043,-1.488,-2.599,8.85,-4.205,0.164,10.291,-5.214,0.296,11.537,9.798,1.739,5.557,5.558,0.469,4.248,9.0,11.538,-26.87
7.9335,6,SUSTAIN,1.333,-1.629,-2.591,8.932,-4.242,0.219,10.286,-5.225,0.273,11.537,9.888,1.649,5.234,5.235,0.47,4.271,9.0,11.538,-26.93
7.9552,6,SUSTAIN,1.333,-1.629,-2.591,8.932,-4.242,0.219,10.286,-5.225,0.273,11.537,9.888,1.649,5.234,5.235,0.47,4.271,9.0,11.538,-26.93
7.9767,6,SUSTAIN,1.628,-1.773,-2.581,8.978,-4.33,0.267,10.28,-5.236,0.242,11.537,9.967,1.569,4.906,4.907,0.4711,4.292,9.0,11.538,-26.99
7.9983,6,SUSTAIN,1.628,-1.773,-2.581,8.978,-4.33,0.267,10.28,-5.236,0.242,11.537,9.967,1.569,4.906,4.907,0.4711,4.292,9.0,11.538,-26.99
8.02,6,SUSTAIN,1.997,-1.955,-2.566,9.036,-4.406,0.314,10.274,-5.249,0.198,11.537,10.053,1.484,4.495,4.495,0.4723,4.314,9.0,11.538,-27.06
8.0408,6,TURN,2.219,-2.066,-2.557,9.036,-4.481,0.337,10.42,-5.227,0.171,11.657,10.086,1.571,4.247,4.248,0.4729,4.323,8.738,11.723,-26.64
8.0622,6,TURN,2.219,-2.066,-2.557,9.036,-4.481,0.337,10.478,-5.256,0.171,11.722,10.086,1.636,4.247,4.248,0.4729,4.323,8.738,11.723,-26.64
8.0836,6,TURN,2.515,-2.215,-2.545,9.094,-4.533,0.339,10.5,-4.794,0.134,11.543,10.161,1.382,3.916,3.916,0.4734,4.342,8.232,11.045,-24.54
8.1053,6,TURN,2.515,-2.215,-2.545,9.094,-4.533,0.339,10.337,-4.719,0.134,11.363,10.161,1.202,3.916,3.916,0.4734,4.342,8.232,11.045,-24.54
8.1269,6,TURN,2.889,-2.405,-2.528,9.143,-4.657,0.33,10.382,-4.158,0.085,11.183,10.261,0.922,3.496,3.496,0.4737,4.367,7.655,10.271,-21.82
8.1486,6,TURN,2.889,-2.405,-2.528,9.143,-4.657,0.33,10.214,-4.091,0.085,11.003,10.261,0.742,3.496,3.496,0.4737,4.367,7.655,10.271,-21.82
8.1702,6,TURN,3.189,-2.56,-2.515,9.156,-4.722,0.332,10.192,-3.643,0.046,10.823,10.301,0.522,3.159,3.159,0.4735,4.377,7.287,9.777,-19.67
8.1911,6,TURN,3.488,-2.716,-2.503,9.157,-4.789,0.322,10.151,-3.199,0.009,10.643,10.334,0.309,2.821,2.821,0.4726,4.384,7.017,9.414,-17.49
8.2127,6,TURN,3.488,-2.716,-2.503,9.157,-4.789,0.322,9.98,-3.145,0.009,10.463,10.334,0.129,2.821,2.821,0.4726,4.384,7.017,9.414,-17.49
8.234,7,SUSTAIN,3.787,-2.874,-2.491,9.121,-4.838,0.332,10.639,-1.173,-0.028,10.703,10.325,0.378,10.275,10.275,0.8952,4.651,9.0,11.538,-6.29
8.2556,7,SUSTAIN,3.787,-2.874,-2.491,9.121,-4.838,0.332,10.877,-1.199,-0.028,10.943,10.325,0.618,10.275,10.275,0.8952,4.651,9.0,11.538,-6.29
8.2774,7,SUSTAIN,4.085,-3.032,-2.477,9.102,-4.821,0.329,11.13,-1.087,-0.068,11.183,10.3,0.884,9.962,9.962,0.8827,4.637,9.0,11.538,-5.58
8.2991,7,SUSTAIN,4.085,-3.032,-2.477,9.102,-4.821,0.329,11.369,-1.11,-0.068,11.423,10.3,1.124,9.962,9.962,0.8827,4.637,9.0,11.538,-5.58
8.3207,7,SUSTAIN,4.457,-3.229,-2.463,9.099,-4.807,0.263,11.501,-0.93,-0.112,11.538,10.291,1.247,9.574,9.574,0.8661,4.624,9.0,11.538,-4.62
8.3416,7,SUSTAIN,4.753,-3.385,-2.454,9.112,-4.773,0.161,11.513,-0.766,-0.138,11.538,10.287,1.252,9.267,9.267,0.8518,4.614,9.0,11.538,-3.81
8.3632,7,SUSTAIN,4.753,-3.385,-2.454,9.112,-4.773,0.161,11.513,-0.766,-0.138,11.538,10.287,1.252,9.267,9.267,0.8518,4.614,9.0,11.538,-3.81
8.3845,7,SUSTAIN,5.052,-3.539,-2.448,9.145,-4.649,0.06,11.523,-0.594,-0.155,11.538,10.259,1.279,8.96,8.96,0.8369,4.598,9.0,11.538,-2.95
8.4062,7,SUSTAIN,5.052,-3.539,-2.448,9.145,-4.649,0.06,11.523,-0.594,-0.155,11.538,10.259,1.279,8.96,8.96,0.8369,4.598,9.0,11.538,-2.95
8.4281,7,SUSTAIN,5.352,-3.687,-2.446,9.188,-4.462,-0.079,11.531,-0.417,-0.161,11.538,10.214,1.324,8.653,8.654,0.8216,4.577,9.0,11.538,-2.07
8.4497,7,SUSTAIN,5.352,-3.687,-2.446,9.188,-4.462,-0.079,11.531,-0.417,-0.161,11.538,10.214,1.324,8.653,8.654,0.8216,4.577,9.0,11.538,-2.07
8.4714,7,SUSTAIN,5.728,-3.863,-2.451,9.227,-4.162,-0.233,11.537,-0.192,-0.148,11.538,10.123,1.416,8.273,8.273,0.802,4.541,9.0,11.538,-0.95
8.4925,7,SUSTAIN,5.953,-3.961,-2.456,9.232,-3.928,-0.31,11.538,-0.056,-0.132,11.538,10.033,1.505,8.047,8.047,0.7902,4.511,9.0,11.538,-0.28
8.5139,7,SUSTAIN,5.953,-3.961,-2.456,9.232,-3.928,-0.31,11.538,-0.056,-0.132,11.538,10.033,1.505,8.047,8.047,0.7902,4.511,9.0,11.538,-0.28
8.5355,7,SUSTAIN,6.331,-4.114,-2.469,9.249,-3.554,-0.436,11.537,0.172,-0.092,11.538,9.908,1.63,7.67,7.67,0.7705,4.468,9.0,11.538,0.85
8.5572,7,SUSTAIN,6.331,-4.114,-2.469,9.249,-3.554,-0.436,11.537,0.172,-0.092,11.538,9.908,1.63,7.67,7.67,0.7705,4.468,9.0,11.538,0.85
8.5788,7,SUSTAIN,6.633,-4.224,-2.482,9.243,-3.202,-0.487,11.533,0.351,-0.053,11.538,9.782,1.756,7.37,7.37,0.755,4.426,9.0,11.538,1.74
8.5995,7,SUSTAIN,6.934,-4.322,-2.497,9.218,-2.803,-0.484,11.527,0.525,-0.01,11.538,9.635,1.904,7.073,7.073,0.7399,4.38,9.0,11.538,2.61
8.621,7,SUSTAIN,6.934,-4.322,-2.497,9.218,-2.803,-0.484,11.527,0.525,-0.01,11.538,9.635,1.904,7.073,7.073,0.7399,4.38,9.0,11.538,2.61
8.6426,7,SUSTAIN,7.233,-4.407,-2.511,9.188,-2.424,-0.471,11.518,0.692,0.033,11.538,9.502,2.036,6.779,6.779,0.7254,4.337,9.0,11.538,3.44
8.6636,7,SUSTAIN,7.233,-4.407,-2.511,9.188,-2.424,-0.471,11.518,0.692,0.033,11.538,9.502,2.036,6.779,6.779,0.7254,4.337,9.0,11.538,3.44
8.6851,7,SUSTAIN,7.534,-4.48,-2.524,9.171,-2.074,-0.46,11.507,0.855,0.073,11.538,9.403,2.135,6.484,6.484,0.7113,4.304,9.0,11.538,4.25
8.7068,7,SUSTAIN,7.534,-4.48,-2.524,9.171,-2.074,-0.46,11.507,0.855,0.073,11.538,9.403,2.135,6.484,6.484,0.7113,4.304,9.0,11.538,4.25
8.7279,7,SUSTAIN,7.908,-4.556,-2.541,9.162,-1.64,-0.43,11.49,1.05,0.122,11.538,9.307,2.231,6.117,6.117,0.6943,4.269,9.0,11.538,5.22
8.7486,7,SUSTAIN,8.207,-4.604,-2.553,9.158,-1.272,-0.387,11.476,1.197,0.159,11.538,9.246,2.292,5.825,5.825,0.6814,4.245,9.0,11.538,5.96
8.7702,7,SUSTAIN,8.207,-4.604,-2.553,9.158,-1.272,-0.387,11.476,1.197,0.159,11.538,9.246,2.292,5.825,5.825,0.6814,4.245,9.0,11.538,5.96
8.7914,7,SUSTAIN,8.506,-4.641,-2.563,9.148,-0.935,-0.319,11.46,1.337,0.189,11.538,9.196,2.342,5.532,5.532,0.6693,4.225,9.0,11.538,6.65
8.813,7,SUSTAIN,8.506,-4.641,-2.563,9.148,-0.935,-0.319,11.46,1.337,0.189,11.538,9.196,2.342,5.532,5.532,0.6693,4.225,9.0,11.538,6.65
8.8346,7,SUSTAIN,8.805,-4.666,-2.57,9.127,-0.598,-0.222,11.444,1.468,0.21,11.537,9.147,2.39,5.238,5.238,0.6578,4.206,9.0,11.538,7.31
8.8561,7,SUSTAIN,8.805,-4.666,-2.57,9.127,-0.598,-0.222,11.444,1.468,0.21,11.537,9.147,2.39,5.238,5.238,0.6578,4.206,9.0,11.538,7.31
8.8779,7,SUSTAIN,9.103,-4.681,-2.574,9.129,-0.307,-0.143,11.427,1.59,0.223,11.537,9.135,2.403,4.945,4.945,0.6471,4.196,9.0,11.538,7.92
8.8986,7,SUSTAIN,9.4,-4.688,-2.577,9.157,-0.034,-0.083,11.41,1.707,0.232,11.537,9.157,2.38,4.651,4.651,0.6369,4.195,9.0,11.538,8.51
8.9201,7,SUSTAIN,9.4,-4.688,-2.577,9.157,-0.034,-0.083,11.41,1.707,0.232,11.537,9.157,2.38,4.651,4.651,0.6369,4.195,9.0,11.538,8.51
8.9417,7,SUSTAIN,9.701,-4.685,-2.577,9.206,0.234,-0.034,11.393,1.815,0.232,11.537,9.209,2.328,4.354,4.354,0.6274,4.202,9.0,11.538,9.05
8.9633,7,SUSTAIN,9.701,-4.685,-2.577,9.206,0.234,-0.034,11.393,1.815,0.232,11.537,9.209,2.328,4.354,4.354,0.6274,4.202,9.0,11.538,9.05
8.9849,7,TURN,10.077,-4.669,-2.574,9.243,0.584,0.078,11.186,2.275,0.221,11.415,9.262,2.154,3.979,3.98,0.6165,4.208,8.39,11.417,11.49
9.0068,7,TURN,10.077,-4.669,-2.574,9.243,0.584,0.078,11.186,2.275,0.221,11.415,9.262,2.154,3.979,3.98,0.6165,4.208,8.39,11.417,11.49
9.0284,7,TURN,10.379,-4.646,-2.568,9.304,0.837,0.14,10.881,2.802,0.204,11.235,9.342,1.894,3.678,3.678,0.6089,4.223,7.927,10.779,14.44
9.0495,7,TURN,10.683,-4.615,-2.561,9.386,1.049,0.179,10.551,3.303,0.184,11.056,9.445,1.611,3.373,3.374,0.6021,4.244,7.503,10.195,17.38
9.0711,7,TURN,10.683,-4.615,-2.561,9.386,1.049,0.179,10.379,3.249,0.184,10.876,9.445,1.431,3.373,3.374,0.6021,4.244,7.503,10.195,17.38
9.0927,7,TURN,10.991,-4.578,-2.553,9.48,1.235,0.199,10.03,3.716,0.158,10.696,9.56,1.136,3.064,3.064,0.5957,4.269,7.146,9.704,20.33
9.1143,7,TURN,10.991,-4.578,-2.553,9.48,1.235,0.199,9.861,3.653,0.158,10.516,9.56,0.956,3.064,3.064,0.5957,4.269,7.146,9.704,20.33
9.1359,7,TURN,11.302,-4.535,-2.543,9.532,1.4,0.251,9.502,4.068,0.129,10.336,9.634,0.702,2.751,2.751,0.5896,4.284,6.889,9.349,23.18
9.1566,8,SUSTAIN,11.613,-4.488,-2.532,9.561,1.531,0.319,8.654,6.08,0.095,10.577,9.683,0.894,7.806,7.806,1.7437,5.031,9.0,11.538,35.09
9.1784,8,SUSTAIN,11.613,-4.488,-2.532,9.561,1.531,0.319,8.851,6.218,0.095,10.817,9.683,1.134,7.806,7.806,1.7437,5.031,9.0,11.538,35.09
9.1993,8,SUSTAIN,11.924,-4.435,-2.519,9.591,1.718,0.366,8.931,6.519,0.057,11.057,9.744,1.313,7.523,7.523,1.7257,5.035,9.0,11.538,36.13
9.2201,8,SUSTAIN,11.924,-4.435,-2.519,9.591,1.718,0.366,9.125,6.66,0.057,11.297,9.744,1.553,7.523,7.523,1.7257,5.035,9.0,11.538,36.13
9.2416,8,SUSTAIN,12.317,-4.362,-2.501,9.623,1.871,0.395,9.152,7.025,0.002,11.537,9.803,1.734,7.164,7.164,1.7015,5.034,9.0,11.538,37.51
9.2632,8,SUSTAIN,12.317,-4.362,-2.501,9.623,1.871,0.395,9.153,7.026,0.002,11.538,9.803,1.736,7.164,7.164,1.7015,5.034,9.0,11.538,37.51
9.2845,8,SUSTAIN,12.632,-4.298,-2.485,9.612,2.044,0.41,9.007,7.212,-0.044,11.538,9.827,1.711,6.877,6.877,1.6811,5.027,9.0,11.538,38.68
9.3055,8,SUSTAIN,12.945,-4.228,-2.471,9.592,2.286,0.373,8.851,7.402,-0.088,11.538,9.861,1.677,6.59,6.59,1.6597,5.022,9.0,11.538,39.91
9.3271,8,SUSTAIN,12.945,-4.228,-2.471,9.592,2.286,0.373,8.851,7.402,-0.088,11.538,9.861,1.677,6.59,6.59,1.6597,5.022,9.0,11.538,39.91
9.3481,8,SUSTAIN,13.256,-4.149,-2.458,9.549,2.559,0.296,8.685,7.596,-0.127,11.538,9.886,1.652,6.302,6.302,1.6375,5.014,9.0,11.538,41.18
9.3698,8,SUSTAIN,13.256,-4.149,-2.458,9.549,2.559,0.296,8.685,7.596,-0.127,11.538,9.886,1.652,6.302,6.302,1.6375,5.014,9.0,11.538,41.18
9.3912,8,SHORT,13.645,-4.038,-2.444,9.397,2.887,0.222,8.24,7.641,-0.168,11.238,9.83,1.408,5.939,5.94,1.6085,4.982,7.346,11.092,42.84
9.4128,8,SHORT,13.645,-4.038,-2.444,9.397,2.887,0.222,8.133,7.542,-0.168,11.092,9.83,1.261,5.939,5.94,1.6085,4.982,7.346,11.092,42.84
9.4343,8,SHORT,13.949,-3.94,-2.435,9.228,3.193,0.176,7.98,7.761,-0.194,11.132,9.764,1.367,5.651,5.651,1.5847,4.95,7.392,11.132,44.2
9.4551,8,SHORT,14.247,-3.831,-2.429,9.013,3.502,0.129,7.818,7.98,-0.214,11.171,9.669,1.502,5.363,5.363,1.5606,4.911,7.438,11.172,45.59
9.4766,8,SHORT,14.247,-3.831,-2.429,9.013,3.502,0.129,7.818,7.98,-0.214,11.171,9.669,1.502,5.363,5.363,1.5606,4.911,7.438,11.172,45.59
9.4981,8,SHORT,14.539,-3.711,-2.423,8.778,3.834,0.067,7.646,8.198,-0.23,11.21,9.579,1.632,5.075,5.076,1.536,4.872,7.484,11.212,47.0
9.5199,8,SHORT,14.539,-3.711,-2.423,8.778,3.834,0.067,7.646,8.198,-0.23,11.21,9.579,1.632,5.075,5.076,1.536,4.872,7.484,11.212,47.0
9.5414,8,TURN,14.823,-3.582,-2.42,8.545,4.146,-0.001,7.309,8.411,-0.24,11.143,9.498,1.646,4.788,4.788,1.511,4.836,7.46,11.145,49.01
9.563,8,TURN,14.823,-3.582,-2.42,8.545,4.146,-0.001,7.309,8.411,-0.24,11.143,9.498,1.646,4.788,4.788,1.511,4.836,7.46,11.145,49.01
9.5846,8,TURN,15.099,-3.442,-2.419,8.285,4.46,-0.07,6.505,8.825,-0.243,10.963,9.409,1.554,4.502,4.502,1.4858,4.798,7.146,10.647,53.61
9.6057,8,TURN,15.366,-3.293,-2.421,8.044,4.746,-0.154,5.62,9.203,-0.237,10.783,9.34,1.444,4.217,4.218,1.4602,4.764,6.834,10.154,58.59
9.6274,8,TURN,15.366,-3.293,-2.421,8.044,4.746,-0.154,5.526,9.049,-0.237,10.603,9.34,1.264,4.217,4.218,1.4602,4.764,6.834,10.154,58.59
9.6485,8,TURN,15.69,-3.092,-2.426,7.705,5.143,-0.231,4.344,9.475,-0.222,10.423,9.264,1.159,3.86,3.86,1.427,4.724,6.467,9.574,65.37
9.6701,8,TURN,15.69,-3.092,-2.426,7.705,5.143,-0.231,4.269,9.311,-0.222,10.243,9.264,0.979,3.86,3.86,1.427,4.724,6.467,9.574,65.37
9.6908,8,TURN,15.94,-2.921,-2.432,7.436,5.41,-0.256,3.261,9.52,-0.203,10.063,9.196,0.868,3.574,3.575,1.3996,4.69,6.212,9.168,71.09
9.7124,8,TURN,15.94,-2.921,-2.432,7.436,5.41,-0.256,3.203,9.35,-0.203,9.883,9.196,0.688,3.574,3.575,1.3996,4.69,6.212,9.168,71.09
9.7339,8,TURN,16.18,-2.741,-2.439,7.162,5.669,-0.267,2.177,9.456,-0.183,9.704,9.134,0.569,3.29,3.291,1.3714,4.657,5.999,8.827,77.04
9.7551,8,TURN,16.411,-2.554,-2.446,6.863,5.925,-0.26,1.147,9.455,-0.162,9.524,9.067,0.457,3.008,3.008,1.342,4.621,5.841,8.568,83.08
9.7767,8,TURN,16.411,-2.554,-2.446,6.863,5.925,-0.26,1.125,9.276,-0.162,9.344,9.067,0.277,3.008,3.008,1.342,4.621,5.841,8.568,83.08
9.7982,8,TURN,16.634,-2.358,-2.453,6.565,6.172,-0.267,0.123,9.163,-0.141,9.164,9.01,0.154,2.725,2.725,1.3106,4.587,5.744,8.398,89.23
9.8201,8,TURN,16.634,-2.358,-2.453,6.565,6.172,-0.267,0.12,8.983,-0.141,8.984,9.01,-0.026,2.725,2.725,1.3106,4.587,5.744,8.398,89.23
9.8418,9,SUSTAIN,16.897,-2.102,-2.461,6.16,6.449,-0.255,-3.957,8.333,-0.116,9.225,8.918,0.307,6.755,6.755,1.1275,4.447,9.0,11.538,115.4
9.8625,9,SUSTAIN,17.095,-1.89,-2.468,5.798,6.661,-0.254,-4.403,8.378,-0.095,9.465,8.831,0.634,6.654,6.654,1.087,4.4,9.0,11.538,117.72
9.884,9,SUSTAIN,17.095,-1.89,-2.468,5.798,6.661,-0.254,-4.514,8.591,-0.095,9.705,8.831,0.874,6.654,6.654,1.087,4.4,9.0,11.538,117.72
9.905,9,SUSTAIN,17.281,-1.671,-2.475,5.402,6.846,-0.232,-4.98,8.608,-0.075,9.945,8.72,1.224,6.552,6.552,1.0463,4.346,9.0,11.538,120.05
9.9266,9,SUSTAIN,17.281,-1.671,-2.475,5.402,6.846,-0.232,-5.1,8.816,-0.075,10.185,8.72,1.464,6.552,6.552,1.0463,4.346,9.0,11.538,120.05
9.9474,9,SUSTAIN,17.454,-1.446,-2.482,4.989,7.007,-0.234,-5.583,8.804,-0.055,10.425,8.602,1.823,6.449,6.449,1.0056,4.291,9.0,11.538,122.38
9.9692,9,SUSTAIN,17.454,-1.446,-2.482,4.989,7.007,-0.234,-5.712,9.006,-0.055,10.665,8.602,2.063,6.449,6.449,1.0056,4.291,9.0,11.538,122.38
9.9908,9,SUSTAIN,17.613,-1.218,-2.488,4.566,7.122,-0.211,-6.209,8.965,-0.036,10.905,8.46,2.445,6.347,6.347,0.9651,4.229,9.0,11.538,124.7
10.0124,9,SUSTAIN,17.613,-1.218,-2.488,4.566,7.122,-0.211,-6.345,9.162,-0.036,11.145,8.46,2.685,6.347,6.347,0.9651,4.229,9.0,11.538,124.7
10.0339,9,SUSTAIN,17.758,-0.985,-2.494,4.115,7.198,-0.174,-6.853,9.091,-0.019,11.385,8.291,3.094,6.243,6.243,0.9249,4.162,9.0,11.538,127.01
10.055,9,SUSTAIN,17.889,-0.752,-2.499,3.671,7.217,-0.153,-7.308,8.929,-0.004,11.538,8.097,3.441,6.14,6.14,0.8849,4.088,9.0,11.538,129.3
10.0765,9,SUSTAIN,17.889,-0.752,-2.499,3.671,7.217,-0.153,-7.308,8.929,-0.004,11.538,8.097,3.441,6.14,6.14,0.8849,4.088,9.0,11.538,129.3
10.0983,9,SUSTAIN,18.006,-0.518,-2.503,3.203,7.213,-0.107,-7.655,8.633,0.008,11.538,7.892,3.647,6.038,6.038,0.8453,4.011,9.0,11.538,131.57
10.1201,9,SUSTAIN,18.006,-0.518,-2.503,3.203,7.213,-0.107,-7.655,8.633,0.008,11.538,7.892,3.647,6.038,6.038,0.8453,4.011,9.0,11.538,131.57
10.1417,9,SUSTAIN,18.131,-0.227,-2.506,2.642,7.161,-0.039,-8.065,8.252,0.017,11.538,7.633,3.906,5.91,5.91,0.7968,3.915,9.0,11.538,134.34
10.1626,9,SUSTAIN,18.214,0.004,-2.506,2.175,7.083,0.03,-8.372,7.94,0.018,11.538,7.41,4.129,5.807,5.807,0.7589,3.836,9.0,11.538,136.52
10.1841,9,SUSTAIN,18.214,0.004,-2.506,2.175,7.083,0.03,-8.372,7.94,0.018,11.538,7.41,4.129,5.807,5.807,0.7589,3.836,9.0,11.538,136.52
10.2049,9,SUSTAIN,18.283,0.232,-2.504,1.693,7.002,0.1,-8.663,7.622,0.013,11.538,7.203,4.335,5.705,5.705,0.7215,3.76,9.0,11.538,138.66
10.2265,9,SUSTAIN,18.283,0.232,-2.504,1.693,7.002,0.1,-8.663,7.622,0.013,11.538,7.203,4.335,5.705,5.705,0.7215,3.76,9.0,11.538,138.66
10.2482,9,SUSTAIN,18.349,0.513,-2.501,1.128,6.892,0.161,-9.002,7.218,0.002,11.538,6.984,4.555,5.574,5.574,0.6758,3.676,9.0,11.538,141.28
10.2699,9,SUSTAIN,18.349,0.513,-2.501,1.128,6.892,0.161,-9.002,7.218,0.002,11.538,6.984,4.555,5.574,5.574,0.6758,3.676,9.0,11.538,141.28
10.2914,9,SUSTAIN,18.377,0.679,-2.497,0.779,6.816,0.213,-9.192,6.974,-0.009,11.538,6.86,4.678,5.494,5.494,0.649,3.628,9.0,11.538,142.81
10.3126,9,SUSTAIN,18.404,0.952,-2.489,0.201,6.679,0.277,-9.488,6.566,-0.034,11.538,6.682,4.856,5.356,5.356,0.6053,3.556,9.0,11.538,145.32
10.3342,9,SUSTAIN,18.404,0.952,-2.489,0.201,6.679,0.277,-9.488,6.566,-0.034,11.538,6.682,4.856,5.356,5.356,0.6053,3.556,9.0,11.538,145.32
10.3556,9,SUSTAIN,18.411,1.168,-2.481,-0.222,6.587,0.292,-9.709,6.235,-0.057,11.538,6.591,4.948,5.242,5.242,0.5709,3.511,9.0,11.538,147.29
10.3764,9,SUSTAIN,18.411,1.168,-2.481,-0.222,6.587,0.292,-9.709,6.235,-0.057,11.538,6.591,4.948,5.242,5.242,0.5709,3.511,9.0,11.538,147.29
10.3972,9,SUSTAIN,18.403,1.379,-2.473,-0.639,6.474,0.319,-9.915,5.901,-0.082,11.538,6.505,5.033,5.124,5.124,0.5369,3.468,9.0,11.538,149.24
10.4185,9,SUSTAIN,18.403,1.379,-2.473,-0.639,6.474,0.319,-9.915,5.901,-0.082,11.538,6.505,5.033,5.124,5.124,0.5369,3.468,9.0,11.538,149.24
10.4403,9,SUSTAIN,18.382,1.587,-2.463,-1.054,6.344,0.348,-10.107,5.566,-0.111,11.538,6.431,5.108,5.002,5.002,0.5034,3.428,9.0,11.538,151.16
10.4612,9,SUSTAIN,18.347,1.791,-2.453,-1.457,6.231,0.343,-10.286,5.227,-0.14,11.538,6.399,5.139,4.876,4.877,0.4702,3.399,9.0,11.538,153.06
10.4827,9,SUSTAIN,18.347,1.791,-2.453,-1.457,6.231,0.343,-10.286,5.227,-0.14,11.538,6.399,5.139,4.876,4.877,0.4702,3.399,9.0,11.538,153.06
10.5038,9,SUSTAIN,18.302,1.991,-2.444,-1.856,6.091,0.344,-10.454,4.882,-0.168,11.538,6.368,5.17,4.748,4.748,0.4369,3.37,9.0,11.538,154.97
10.5253,9,SUSTAIN,18.302,1.991,-2.444,-1.856,6.091,0.344,-10.454,4.882,-0.168,11.538,6.368,5.17,4.748,4.748,0.4369,3.37,9.0,11.538,154.97
10.5465,9,SUSTAIN,18.243,2.186,-2.435,-2.238,5.95,0.33,-10.609,4.535,-0.195,11.537,6.357,5.18,4.614,4.615,0.4039,3.346,9.0,11.538,156.86
10.568,9,SUSTAIN,18.243,2.186,-2.435,-2.238,5.95,0.33,-10.609,4.535,-0.195,11.537,6.357,5.18,4.614,4.615,0.4039,3.346,9.0,11.538,156.86
10.5895,9,SUSTAIN,18.151,2.424,-2.424,-2.701,5.752,0.326,-10.785,4.095,-0.227,11.537,6.354,5.183,4.441,4.441,0.3629,3.32,9.0,11.538,159.21
10.6108,9,SUSTAIN,18.066,2.608,-2.416,-3.064,5.606,0.286,-10.914,3.737,-0.251,11.536,6.389,5.147,4.297,4.298,0.3299,3.307,9.0,11.538,161.1
10.6315,9,SUSTAIN,18.066,2.608,-2.416,-3.064,5.606,0.286,-10.914,3.737,-0.251,11.536,6.389,5.147,4.297,4.298,0.3299,3.307,9.0,11.538,161.1
10.6532,9,SUSTAIN,17.969,2.788,-2.41,-3.394,5.483,0.214,-11.033,3.368,-0.269,11.536,6.448,5.087,4.15,4.151,0.2963,3.301,9.0,11.538,163.02
10.6747,9,SUSTAIN,17.969,2.788,-2.41,-3.394,5.483,0.214,-11.033,3.368,-0.269,11.536,6.448,5.087,4.15,4.151,0.2963,3.301,9.0,11.538,163.02
10.696,9,SUSTAIN,17.861,2.963,-2.406,-3.737,5.295,0.179,-11.14,2.992,-0.283,11.535,6.481,5.054,3.998,3.999,0.2624,3.287,9.0,11.538,164.97
10.7176,9,SUSTAIN,17.861,2.963,-2.406,-3.737,5.295,0.179,-11.14,2.992,-0.283,11.535,6.481,5.054,3.998,3.999,0.2624,3.287,9.0,11.538,164.97
10.7392,9,SUSTAIN,17.741,3.132,-2.403,-4.091,5.116,0.118,-11.236,2.608,-0.292,11.535,6.55,4.984,3.84,3.841,0.2281,3.283,9.0,11.538,166.93
10.7608,9,SUSTAIN,17.577,3.334,-2.402,-4.484,4.893,0.033,-11.34,2.111,-0.294,11.534,6.637,4.897,3.638,3.639,0.184,3.277,9.0,11.538,169.46
10.7824,9,SUSTAIN,17.577,3.334,-2.402,-4.484,4.893,0.033,-11.34,2.111,-0.294,11.534,6.637,4.897,3.638,3.639,0.184,3.277,9.0,11.538,169.46
10.8036,9,SUSTAIN,17.434,3.49,-2.404,-4.805,4.71,-0.058,-11.409,1.695,-0.289,11.534,6.728,4.806,3.472,3.473,0.1475,3.276,9.0,11.538,171.55
10.8252,9,SUSTAIN,17.434,3.49,-2.404,-4.805,4.71,-0.058,-11.409,1.695,-0.289,11.534,6.728,4.806,3.472,3.473,0.1475,3.276,9.0,11.538,171.55
10.8467,9,SUSTAIN,17.281,3.639,-2.409,-5.119,4.502,-0.142,-11.465,1.262,-0.274,11.534,6.817,4.717,3.301,3.302,0.1097,3.274,9.0,11.538,173.72
10.8676,9,TURN,17.117,3.78,-2.416,-5.446,4.28,-0.218,-11.329,0.761,-0.253,11.355,6.927,4.428,3.124,3.125,0.0703,3.276,8.729,11.266,176.16
10.8889,9,TURN,17.117,3.78,-2.416,-5.446,4.28,-0.218,-11.237,0.755,-0.253,11.262,6.927,4.335,3.124,3.125,0.0703,3.276,8.729,11.266,176.16
10.91,9,TURN,16.898,3.947,-2.427,-5.786,3.988,-0.272,-11.082,0.18,-0.218,11.083,7.027,4.056,2.899,2.9,0.0183,3.268,8.37,10.749,179.07
10.9317,9,TURN,16.898,3.947,-2.427,-5.786,3.988,-0.272,-10.902,0.177,-0.218,10.903,7.027,3.876,2.899,2.9,0.0183,3.268,8.37,10.749,179.07
10.9532,9,TURN,16.761,4.041,-2.435,-5.986,3.794,-0.3,-10.723,-0.134,-0.195,10.724,7.087,3.637,2.761,2.762,0.0148,3.281,8.136,10.445,-179.29
10.9748,9,TURN,16.761,4.041,-2.435,-5.986,3.794,-0.3,-10.543,-0.132,-0.195,10.544,7.087,3.457,2.761,2.762,0.0148,3.281,8.136,10.445,-179.29
10.9964,9,TURN,16.52,4.188,-2.45,-6.296,3.516,-0.358,-10.348,-0.582,-0.15,10.365,7.211,3.154,2.527,2.528,0.0745,3.35,7.712,9.956,-176.78
11.0171,10,SUSTAIN,16.319,4.297,-2.463,-6.539,3.285,-0.41,-10.599,-0.378,-0.11,10.606,7.318,3.288,8.324,8.324,0.7497,3.807,9.0,11.538,-177.96
11.0387,10,SUSTAIN,16.319,4.297,-2.463,-6.539,3.285,-0.41,-10.839,-0.387,-0.11,10.846,7.318,3.528,8.324,8.324,0.7497,3.807,9.0,11.538,-177.96
11.0597,10,SUSTAIN,16.11,4.397,-2.478,-6.787,2.984,-0.443,-11.073,-0.542,-0.067,11.086,7.414,3.672,8.12,8.12,0.7365,3.822,9.0,11.538,-177.2
11.0814,10,SUSTAIN,16.11,4.397,-2.478,-6.787,2.984,-0.443,-11.312,-0.553,-0.067,11.326,7.414,3.912,8.12,8.12,0.7365,3.822,9.0,11.538,-177.2
11.1034,10,SUSTAIN,15.894,4.487,-2.493,-7.0,2.686,-0.456,-11.517,-0.711,-0.022,11.538,7.498,4.041,7.909,7.909,0.7237,3.835,9.0,11.538,-176.47
11.1249,10,SUSTAIN,15.894,4.487,-2.493,-7.0,2.686,-0.456,-11.517,-0.711,-0.022,11.538,7.498,4.041,7.909,7.909,0.7237,3.835,9.0,11.538,-176.47
11.1465,10,SUSTAIN,15.671,4.568,-2.508,-7.189,2.372,-0.47,-11.507,-0.852,0.024,11.538,7.57,3.968,7.692,7.692,0.7115,3.845,9.0,11.538,-175.76
11.1676,10,SUSTAIN,15.384,4.655,-2.527,-7.391,2.005,-0.463,-11.493,-1.019,0.082,11.538,7.658,3.88,7.413,7.413,0.697,3.858,9.0,11.538,-174.93
11.189,10,SUSTAIN,15.384,4.655,-2.527,-7.391,2.005,-0.463,-11.493,-1.019,0.082,11.538,7.658,3.88,7.413,7.413,0.697,3.858,9.0,11.538,-174.93
11.2109,10,SUSTAIN,15.208,4.699,-2.539,-7.495,1.76,-0.447,-11.484,-1.113,0.116,11.538,7.699,3.84,7.242,7.242,0.6888,3.863,9.0,11.538,-174.46
11.2319,10,SUSTAIN,15.208,4.699,-2.539,-7.495,1.76,-0.447,-11.484,-1.113,0.116,11.538,7.699,3.84,7.242,7.242,0.6888,3.863,9.0,11.538,-174.46
11.2535,10,SUSTAIN,14.908,4.759,-2.557,-7.702,1.374,-0.451,-11.469,-1.261,0.172,11.538,7.824,3.714,6.95,6.95,0.6759,3.886,9.0,11.538,-173.73
11.2745,10,SUSTAIN,14.663,4.797,-2.572,-7.84,1.051,-0.425,-11.456,-1.37,0.216,11.538,7.911,3.627,6.71,6.711,0.6663,3.902,9.0,11.538,-173.18
11.296,10,SUSTAIN,14.663,4.797,-2.572,-7.84,1.051,-0.425,-11.456,-1.37,0.216,11.538,7.911,3.627,6.71,6.711,0.6663,3.902,9.0,11.538,-173.18
11.3173,10,SUSTAIN,14.413,4.824,-2.585,-7.973,0.737,-0.397,-11.443,-1.47,0.256,11.537,8.007,3.531,6.466,6.466,0.6576,3.92,9.0,11.538,-172.68
11.3389,10,SUSTAIN,14.413,4.824,-2.585,-7.973,0.737,-0.397,-11.443,-1.47,0.256,11.537,8.007,3.531,6.466,6.466,0.6576,3.92,9.0,11.538,-172.68
11.3605,10,SUSTAIN,14.159,4.841,-2.598,-8.109,0.433,-0.362,-11.431,-1.561,0.294,11.537,8.12,3.417,6.217,6.217,0.6497,3.944,9.0,11.538,-172.22
11.3816,10,SUSTAIN,14.159,4.841,-2.598,-8.109,0.433,-0.362,-11.431,-1.561,0.294,11.537,8.12,3.417,6.217,6.217,0.6497,3.944,9.0,11.538,-172.22
11.4032,10,SUSTAIN,13.901,4.848,-2.609,-8.246,0.132,-0.327,-11.419,-1.641,0.328,11.537,8.247,3.289,5.962,5.963,0.6426,3.971,9.0,11.538,-171.82
11.4239,10,SUSTAIN,13.638,4.846,-2.619,-8.387,-0.165,-0.271,-11.408,-1.712,0.357,11.536,8.388,3.148,5.701,5.702,0.6364,4.002,9.0,11.538,-171.46
11.4455,10,SUSTAIN,13.638,4.846,-2.619,-8.387,-0.165,-0.271,-11.408,-1.712,0.357,11.536,8.388,3.148,5.701,5.702,0.6364,4.002,9.0,11.538,-171.46
11.4664,10,SUSTAIN,13.302,4.829,-2.628,-8.552,-0.523,-0.182,-11.397,-1.782,0.384,11.535,8.568,2.967,5.367,5.368,0.6303,4.043,9.0,11.538,-171.11
11.4879,10,SUSTAIN,13.302,4.829,-2.628,-8.552,-0.523,-0.182,-11.397,-1.782,0.384,11.535,8.568,2.967,5.367,5.368,0.6303,4.043,9.0,11.538,-171.11
11.5095,10,SUSTAIN,13.029,4.807,-2.633,-8.687,-0.758,-0.117,-11.389,-1.827,0.399,11.535,8.72,2.815,5.093,5.095,0.6263,4.079,9.0,11.538,-170.89
11.5311,10,SUSTAIN,13.029,4.807,-2.633,-8.687,-0.758,-0.117,-11.389,-1.827,0.399,11.535,8.72,2.815,5.093,5.095,0.6263,4.079,9.0,11.538,-170.89
11.553,10,SUSTAIN,12.751,4.777,-2.636,-8.795,-0.988,-0.029,-11.383,-1.861,0.407,11.534,8.85,2.684,4.815,4.816,0.6234,4.109,9.0,11.538,-170.72
11.5744,10,SUSTAIN,12.47,4.739,-2.635,-8.905,-1.205,0.052,-11.379,-1.88,0.405,11.533,8.987,2.547,4.531,4.533,0.6216,4.142,9.0,11.538,-170.62
11.5958,10,SUSTAIN,12.47,4.739,-2.635,-8.905,-1.205,0.052,-11.379,-1.88,0.405,11.533,8.987,2.547,4.531,4.533,0.6216,4.142,9.0,11.538,-170.62
11.6172,10,SUSTAIN,12.186,4.694,-2.631,-8.987,-1.378,0.145,-11.378,-1.887,0.394,11.533,9.092,2.441,4.243,4.245,0.6211,4.168,9.0,11.538,-170.59
11.6385,10,SUSTAIN,12.186,4.694,-2.631,-8.987,-1.378,0.145,-11.378,-1.887,0.394,11.533,9.092,2.441,4.243,4.245,0.6211,4.168,9.0,11.538,-170.59
11.6601,10,TURN,11.826,4.63,-2.623,-9.094,-1.597,0.23,-11.108,-2.357,0.369,11.356,9.233,2.123,3.878,3.88,0.6221,4.204,8.235,11.212,-168.02
11.6808,10,TURN,11.826,4.63,-2.623,-9.094,-1.597,0.23,-10.965,-2.326,0.369,11.209,9.233,1.976,3.878,3.88,0.6221,4.204,8.235,11.212,-168.02
11.7026,10,TURN,11.535,4.574,-2.614,-9.193,-1.735,0.298,-10.678,-2.768,0.342,11.031,9.355,1.676,3.581,3.583,0.6243,4.236,7.761,10.569,-165.47
11.7234,10,TURN,11.241,4.514,-2.602,-9.269,-1.831,0.365,-10.376,-3.179,0.307,10.852,9.448,1.404,3.281,3.283,0.6282,4.262,7.349,10.012,-162.96
11.7446,10,TURN,11.241,4.514,-2.602,-9.269,-1.831,0.365,-10.204,-3.126,0.307,10.672,9.448,1.224,3.281,3.283,0.6282,4.262,7.349,10.012,-162.96
11.7661,10,TURN,10.944,4.45,-2.589,-9.345,-1.915,0.412,-9.887,-3.511,0.267,10.492,9.539,0.953,2.978,2.979,0.6338,4.288,7.012,9.558,-160.45
11.7877,10,TURN,10.944,4.45,-2.589,-9.345,-1.915,0.412,-9.717,-3.451,0.267,10.312,9.539,0.773,2.978,2.979,0.6338,4.288,7.012,9.558,-160.45
11.8093,10,TURN,10.645,4.384,-2.574,-9.392,-1.953,0.466,-9.392,-3.799,0.222,10.131,9.593,0.537,2.672,2.673,0.6412,4.307,6.773,9.239,-157.98
11.831,10,TURN,10.645,4.384,-2.574,-9.392,-1.953,0.466,-9.225,-3.731,0.222,9.951,9.593,0.357,2.672,2.673,0.6412,4.307,6.773,9.239,-157.98
11.8527,11,SUSTAIN,10.344,4.317,-2.558,-9.436,-2.038,0.494,-8.412,-5.724,-1.326,10.175,9.653,0.522,7.673,7.686,0.0,3.913,9.0,11.538,-145.77
11.8736,11,SUSTAIN,10.043,4.247,-2.54,-9.421,-2.091,0.561,-8.518,-5.987,-1.381,10.412,9.651,0.761,7.386,7.4,0.0,3.913,9.0,11.538,-144.9
11.8952,11,SUSTAIN,10.043,4.247,-2.54,-9.421,-2.091,0.561,-8.714,-6.125,-1.381,10.651,9.651,1.001,7.386,7.4,0.0,3.913,9.0,11.538,-144.9
11.9165,11,SUSTAIN,9.667,4.157,-2.515,-9.405,-2.207,0.575,-8.778,-6.438,-1.456,10.886,9.661,1.225,7.028,7.045,0.0,3.915,9.0,11.538,-143.74
11.9382,11,SUSTAIN,9.667,4.157,-2.515,-9.405,-2.207,0.575,-8.971,-6.58,-1.456,11.126,9.661,1.465,7.028,7.045,0.0,3.915,9.0,11.538,-143.74
11.9593,11,SUSTAIN,9.367,4.081,-2.495,-9.388,-2.323,0.546,-9.043,-6.876,-1.514,11.36,9.671,1.689,6.742,6.761,0.0,3.918,9.0,11.538,-142.75
11.98,11,SUSTAIN,9.367,4.081,-2.495,-9.388,-2.323,0.546,-9.159,-6.964,-1.514,11.506,9.671,1.835,6.742,6.761,0.0,3.918,9.0,11.538,-142.75
12.0016,11,SUSTAIN,9.068,4.002,-2.477,-9.34,-2.444,0.486,-9.026,-7.127,-1.568,11.501,9.654,1.847,6.457,6.478,0.0,3.914,9.0,11.538,-141.7
12.0222,11,SUSTAIN,8.771,3.918,-2.462,-9.271,-2.582,0.38,-8.884,-7.295,-1.615,11.495,9.624,1.871,6.173,6.197,0.0,3.906,9.0,11.538,-140.61
12.0439,11,SUSTAIN,8.771,3.918,-2.462,-9.271,-2.582,0.38,-8.884,-7.295,-1.615,11.495,9.624,1.871,6.173,6.197,0.0,3.906,9.0,11.538,-140.61
12.0654,11,SUSTAIN,8.477,3.829,-2.45,-9.141,-2.748,0.236,-8.731,-7.467,-1.65,11.489,9.545,1.944,5.892,5.917,0.0,3.886,9.0,11.538,-139.46
12.0872,11,SUSTAIN,8.477,3.829,-2.45,-9.141,-2.748,0.236,-8.731,-7.467,-1.65,11.489,9.545,1.944,5.892,5.917,0.0,3.886,9.0,11.538,-139.46
12.1089,11,SUSTAIN,8.118,3.711,-2.442,-8.906,-2.96,0.074,-8.528,-7.686,-1.674,11.48,9.385,2.096,5.543,5.571,0.0,3.846,9.0,11.538,-137.97
12.1301,11,SUSTAIN,8.118,3.711,-2.442,-8.906,-2.96,0.074,-8.528,-7.686,-1.674,11.48,9.385,2.096,5.543,5.571,0.0,3.846,9.0,11.538,-137.97
12.1516,11,SUSTAIN,7.837,3.61,-2.44,-8.702,-3.114,-0.065,-8.356,-7.863,-1.679,11.474,9.242,2.231,5.269,5.298,0.0,3.811,9.0,11.538,-136.74
12.1727,11,SUSTAIN,7.563,3.505,-2.443,-8.492,-3.246,-0.245,-8.175,-8.042,-1.67,11.468,9.091,2.376,4.998,5.029,0.0,3.773,9.0,11.538,-135.47
12.1944,11,SUSTAIN,7.563,3.505,-2.443,-8.492,-3.246,-0.245,-8.175,-8.042,-1.67,11.468,9.091,2.376,4.998,5.029,0.0,3.773,9.0,11.538,-135.47
12.2159,11,SUSTAIN,7.296,3.396,-2.452,-8.255,-3.392,-0.407,-7.983,-8.225,-1.643,11.462,8.925,2.537,4.732,4.764,0.0,3.731,9.0,11.538,-134.14
12.2376,11,SUSTAIN,7.296,3.396,-2.452,-8.255,-3.392,-0.407,-7.983,-8.225,-1.643,11.462,8.925,2.537,4.732,4.764,0.0,3.731,9.0,11.538,-134.14
12.2592,11,SUSTAIN,7.036,3.283,-2.466,-8.034,-3.5,-0.559,-7.779,-8.412,-1.601,11.457,8.763,2.694,4.471,4.503,0.0,3.691,9.0,11.538,-132.76
12.2809,11,SUSTAIN,7.036,3.283,-2.466,-8.034,-3.5,-0.559,-7.779,-8.412,-1.601,11.457,8.763,2.694,4.471,4.503,0.0,3.691,9.0,11.538,-132.76
12.3026,11,SUSTAIN,6.783,3.165,-2.485,-7.784,-3.621,-0.696,-7.563,-8.601,-1.546,11.453,8.585,2.868,4.215,4.246,0.0,3.646,9.0,11.538,-131.33
12.3239,11,SUSTAIN,6.479,3.013,-2.512,-7.49,-3.748,-0.804,-7.274,-8.842,-1.463,11.449,8.375,3.074,3.902,3.932,0.0,3.594,9.0,11.538,-129.44
12.3456,11,SUSTAIN,6.479,3.013,-2.512,-7.49,-3.748,-0.804,-7.274,-8.842,-1.463,11.449,8.375,3.074,3.902,3.932,0.0,3.594,9.0,11.538,-129.44
12.3671,11,SUSTAIN,6.243,2.888,-2.538,-7.276,-3.824,-0.908,-7.022,-9.041,-1.386,11.447,8.22,3.227,3.657,3.686,0.0,3.555,9.0,11.538,-127.84
12.3887,11,SUSTAIN,6.243,2.888,-2.538,-7.276,-3.824,-0.908,-7.022,-9.041,-1.386,11.447,8.22,3.227,3.657,3.686,0.0,3.555,9.0,11.538,-127.84
12.4102,11,TURN,6.015,2.76,-2.567,-7.055,-3.951,-1.002,-6.643,-9.102,-1.299,11.268,8.086,3.182,3.417,3.445,0.0,3.522,8.833,11.324,-126.12
12.4312,11,TURN,5.793,2.628,-2.599,-6.851,-4.083,-1.115,-6.25,-9.162,-1.203,11.091,7.975,3.116,3.181,3.207,0.0,3.494,8.501,10.899,-124.3
12.4529,11,TURN,5.793,2.628,-2.599,-6.851,-4.083,-1.115,-6.149,-9.015,-1.203,10.912,7.975,2.937,3.181,3.207,0.0,3.494,8.501,10.899,-124.3
12.4741,11,TURN,5.577,2.492,-2.635,-6.639,-4.231,-1.208,-5.743,-9.071,-1.096,10.736,7.873,2.863,2.949,2.971,0.0,3.468,8.184,10.492,-122.34
12.4957,11,TURN,5.577,2.492,-2.635,-6.639,-4.231,-1.208,-5.647,-8.92,-1.096,10.558,7.873,2.685,2.949,2.971,0.0,3.468,8.184,10.492,-122.34
12.5172,11,TURN,5.369,2.35,-2.673,-6.443,-4.402,-1.284,-5.226,-8.973,-0.981,10.384,7.803,2.581,2.719,2.739,0.0,3.451,7.888,10.113,-120.22
12.5383,11,TURN,5.369,2.35,-2.673,-6.443,-4.402,-1.284,-5.136,-8.818,-0.981,10.205,7.803,2.402,2.719,2.739,0.0,3.451,7.888,10.113,-120.22
